Trade Date,Ticker,Side,Strategy,Entry Price,Exit Price,Stop Loss,Take Profit,Quantity,PnL,R/R Ratio,Max Drawdown,Time in Trade (min)
2024-01-17,MSFT,Buy,Reversal,446.13,471.74,436.93038282199353,483.6110997886135,32,819.52,4.07,12.95,57
2024-05-05,TSLA,Sell,Scalp,333.53,356.79,322.9269756457684,362.24226357551004,35,-814.1,2.71,9.78,165
2024-03-11,AMZN,Sell,Scalp,136.66,136.28,130.815483513304,141.67882739623823,99,37.62,0.86,6.64,34
2024-04-07,NVDA,Buy,Swing,248.03,260.7,245.41968551678565,262.82328485846097,57,722.19,5.67,8.26,105
2024-06-12,AAPL,Buy,News Play,241.05,245.94,234.77681931125184,249.02905628260797,12,58.68,1.27,6.96,155
2024-02-14,TSLA,Buy,Scalp,52.81,52.44,50.4862449862811,56.80763257918204,27,-9.99,1.72,2.44,15
2024-01-11,AAPL,Buy,News Play,365.31,378.53,360.50293519982336,384.26155484507393,39,515.58,3.94,8.57,141
2024-02-06,META,Buy,News Play,426.83,434.94,420.49029554360396,437.868436721575,64,519.04,1.74,16.13,128
2024-02-16,META,Sell,Breakout,271.93,276.79,261.9128911641038,278.14099224286747,54,-262.44,0.62,11.16,101
2024-05-22,AAPL,Sell,Breakout,140.58,149.77,135.46338352420884,153.04127544947994,53,-487.07,2.44,6.64,72
2024-01-14,TSLA,Sell,Reversal,268.93,270.41,263.20218407731466,275.31364474681646,22,-32.56,1.11,7.96,222
2024-02-07,TSLA,Sell,Reversal,186.52,179.18,177.43244581610838,195.85868268614558,83,609.22,1.03,8.51,220
2024-04-30,NVDA,Sell,Scalp,131.09,132.11,128.13830549560086,140.86537914912816,17,-17.34,3.31,5.88,30
2024-01-21,META,Sell,Reversal,243.15,247.04,240.45544668911515,261.3543640443088,49,-190.61,6.76,3.52,107
2024-01-20,TSLA,Sell,Reversal,303.21,298.55,295.89988866454354,310.28656687047055,90,419.4,0.97,12.11,138
2024-04-26,MSFT,Buy,Scalp,100.44,105.56,97.4152690480465,106.12590386931339,26,133.12,1.88,3.44,114
2024-01-06,AMD,Buy,Reversal,82.58,83.94,79.34625181848766,85.42519486217215,16,21.76,0.88,2.9,90
2024-01-15,MSFT,Buy,Breakout,435.68,467.26,426.84013702737803,473.8336186106441,15,473.7,4.32,6.5,123
2024-01-29,NVDA,Buy,Breakout,378.22,388.66,365.11246631992753,405.36807541721925,99,1033.56,2.07,12.4,206
2024-01-30,AMZN,Sell,Swing,349.33,375.36,337.900765523492,383.5812489531912,57,-1483.71,3.0,9.07,170
2024-02-16,META,Sell,Breakout,98.43,97.54,96.20495928456613,108.24227363742338,18,16.02,4.41,2.31,23
2024-01-10,AAPL,Buy,Scalp,247.73,250.01,240.28451566527875,263.45294610364544,53,120.84,2.11,11.41,66
2024-03-03,NVDA,Sell,Swing,394.29,397.3,386.02287940582585,408.10723872723196,75,-225.75,1.67,7.05,85
2024-06-06,AAPL,Sell,Reversal,465.04,467.22,459.58912026779535,475.1135484245502,43,-93.74,1.85,21.25,147
2024-03-09,NVDA,Buy,Breakout,229.15,228.95,218.45976381629626,251.80893988820895,39,-7.8,2.12,3.67,66
2024-02-12,AMD,Buy,Breakout,82.62,81.34,80.49187810354351,85.19812012167073,52,-66.56,1.21,3.99,130
2024-03-02,META,Sell,Swing,303.01,318.11,288.74457746927175,326.9087299675722,92,-1389.2,1.68,6.71,115
2024-02-10,NVDA,Sell,Reversal,153.49,151.78,148.4416295947362,157.7863503295928,23,39.33,0.85,4.98,12
2024-03-24,META,Buy,Scalp,270.63,266.26,263.60269783418903,286.12199665154793,13,-56.81,2.2,11.08,235
2024-06-16,META,Buy,Scalp,284.76,296.43,281.7799674784907,300.09047710532445,41,478.47,5.14,7.42,98
2024-01-20,AMD,Sell,Reversal,257.64,268.04,252.80132656876907,269.05089886855535,16,-166.4,2.36,8.66,133
2024-01-04,AMZN,Buy,Scalp,214.88,218.47,209.74143527129988,221.69716936247775,27,96.93,1.33,9.53,74
2024-03-26,MSFT,Sell,Scalp,241.31,241.47,236.14840555942894,264.2247946865895,16,-2.56,4.44,6.39,239
2024-01-10,META,Sell,News Play,346.93,346.67,342.058401019052,368.9972330774421,28,7.28,4.53,13.07,99
2024-05-18,AAPL,Sell,Breakout,398.04,419.64,380.45261492998924,424.56204380343905,37,-799.2,1.51,10.99,214
2024-05-02,TSLA,Sell,Swing,143.52,151.49,138.11688812674447,153.7711427599678,94,-749.18,1.9,5.3,123
2024-06-05,META,Sell,Breakout,276.02,276.33,265.2809177596033,291.1365060885168,85,-26.35,1.41,5.73,133
2024-01-22,MSFT,Sell,Swing,401.12,397.03,383.43664258236845,435.3992544760562,84,343.56,1.94,9.23,238
2024-06-10,AMD,Buy,Reversal,277.47,287.13,272.85223586570635,297.3527805445469,59,569.94,4.31,4.15,150
2024-04-19,AAPL,Sell,Scalp,466.44,475.31,460.46564854506215,487.9301769408556,69,-612.03,3.6,9.2,170
2024-05-13,AMZN,Sell,Swing,273.34,284.24,265.1188278817976,296.883910378743,11,-119.9,2.86,3.61,162
2024-03-21,AAPL,Sell,Breakout,101.81,100.37,98.94327220992793,107.0220825298252,25,36.0,1.82,1.51,224
2024-02-11,AMD,Buy,Reversal,466.68,463.18,458.45268824607643,493.10071493910135,55,-192.5,3.21,9.39,210
2024-06-27,MSFT,Sell,Scalp,301.56,298.45,292.0761223486315,311.7344888970449,89,276.79,1.07,11.34,7
2024-03-08,TSLA,Sell,Swing,356.19,368.09,340.92605964722827,378.53158921421743,74,-880.6,1.46,7.23,182
2024-02-28,AMD,Sell,Breakout,448.47,457.46,429.3788984469695,477.1518212918597,13,-116.87,1.5,4.89,217
2024-05-01,NVDA,Sell,Scalp,422.66,419.63,409.98956179311506,453.3405242307487,72,218.16,2.42,12.1,210
2024-01-01,NVDA,Sell,Reversal,455.69,474.68,442.99565743786866,476.9821741321675,84,-1595.16,1.68,14.82,222
2024-03-03,AAPL,Sell,Reversal,277.33,285.01,271.2384234251062,293.8111699509813,25,-192.0,2.71,6.24,30
2024-05-31,MSFT,Sell,Swing,440.36,458.42,423.7809592969163,484.1123987754173,19,-343.14,2.64,12.58,77
2024-04-13,NVDA,Buy,Reversal,371.11,380.36,358.71380311704394,390.576403880902,90,832.5,1.57,10.84,128
2024-05-07,AAPL,Sell,Scalp,163.16,160.98,160.80355208657716,168.32539282834972,49,106.82,2.19,2.94,128
2024-06-18,NVDA,Buy,Breakout,177.92,178.29,172.7026696533123,188.355616814669,25,9.25,2.0,7.37,142
2024-05-07,MSFT,Buy,Breakout,155.83,165.69,152.84391485391126,167.77835641908354,40,394.4,4.0,6.18,238
2024-01-03,AAPL,Buy,Scalp,123.9,126.34,120.87605915974451,133.20942987460197,68,165.92,3.08,4.22,112
2024-04-12,META,Sell,Reversal,446.07,470.59,435.7564522143287,487.91854508392356,15,-367.8,4.06,13.47,94
2024-04-14,NVDA,Buy,Scalp,398.98,399.83,394.34275412740294,421.58859933704247,74,62.9,4.88,17.13,111
2024-02-05,AMD,Sell,News Play,364.05,353.93,352.9458615164404,383.9822502616752,35,354.2,1.8,5.2,43
2024-04-21,TSLA,Sell,Reversal,184.93,191.35,179.97838706283636,193.85404486608624,54,-346.68,1.8,7.87,124
2024-01-07,MSFT,Buy,Reversal,108.15,105.5,104.99473713525963,117.09762032935333,62,-164.3,2.84,3.94,147
2024-02-08,MSFT,Sell,Swing,214.17,218.36,208.08171203363784,223.69757554984298,31,-129.89,1.56,3.8,9
2024-06-09,AMD,Buy,Reversal,498.64,493.4,477.75303439987954,520.503968169452,56,-293.44,1.05,15.61,90
2024-06-10,NVDA,Sell,Scalp,155.77,166.12,153.63842196942753,170.37082760279776,12,-124.2,6.85,5.19,139
2024-02-26,NVDA,Sell,Breakout,160.17,158.62,157.84824702932792,168.88535634340573,97,150.35,3.75,2.33,163
2024-02-11,TSLA,Buy,News Play,272.01,273.39,260.7427584230987,282.43801893392447,85,117.3,0.93,4.66,57
2024-06-29,TSLA,Sell,Reversal,431.02,426.39,421.30094117311046,440.638050009355,25,115.75,0.99,14.25,43
2024-06-22,AMD,Sell,Reversal,324.26,326.81,315.2676039764688,353.5179070005913,70,-178.5,3.25,8.53,137
2024-06-13,MSFT,Sell,Reversal,280.65,287.26,274.83008732880165,305.3501601681469,47,-310.67,4.24,7.99,63
2024-01-28,AMD,Sell,Breakout,149.88,150.34,147.96729605187826,164.38216075515012,18,-8.28,7.58,6.65,73
2024-04-13,AAPL,Buy,News Play,460.99,487.83,442.737979445389,501.6851793439986,58,1556.72,2.23,11.72,199
2024-04-07,AMD,Buy,Scalp,270.29,262.12,259.5548091479737,295.2133208092912,43,-351.31,2.32,3.08,154
2024-02-11,AMZN,Sell,News Play,397.87,414.16,382.8969796298133,433.613672526473,40,-651.6,2.39,6.45,194
2024-06-03,NVDA,Sell,Reversal,104.37,107.56,103.10069288749436,110.29565560032009,32,-102.08,4.67,2.29,140
2024-06-22,AAPL,Sell,Breakout,130.67,130.44,127.05158686152326,143.1893769061936,45,10.35,3.46,3.1,160
2024-05-16,NVDA,Buy,Swing,66.03,65.29,64.79893982657835,70.59990768426078,30,-22.2,3.71,1.63,34
2024-05-07,AAPL,Buy,Breakout,295.06,309.29,290.1628754070332,310.37776791107177,30,426.9,3.13,6.45,25
2024-03-19,AMZN,Buy,Breakout,264.79,262.15,258.4815387109718,285.2278437405223,18,-47.52,3.24,4.14,21
2024-01-04,AMZN,Sell,Swing,334.49,342.65,321.51787316862874,366.9014137114439,47,-383.52,2.5,16.04,144
2024-01-01,MSFT,Buy,Reversal,264.11,263.42,250.9229931930345,286.9441585559649,27,-18.63,1.73,3.24,43
2024-03-16,TSLA,Buy,Swing,357.85,378.19,346.75493414090516,389.12107488112997,90,1830.6,2.82,6.72,130
2024-06-23,META,Buy,Scalp,245.21,247.41,241.24714947194792,256.03727920227504,18,39.6,2.73,8.47,207
2024-04-02,AMD,Sell,Reversal,192.28,205.49,182.94666204915555,209.8885563565443,20,-264.2,1.89,4.48,67
2024-06-07,MSFT,Sell,News Play,432.57,447.77,420.8580256998593,449.06249865354033,76,-1155.2,1.41,13.19,74
2024-04-07,TSLA,Sell,Reversal,307.14,308.11,295.75919148002436,317.90746292059595,21,-20.37,0.95,13.62,224
2024-04-06,MSFT,Buy,Swing,343.73,362.77,327.59992750944093,372.6453811321031,26,495.04,1.79,6.57,113
2024-05-16,NVDA,Buy,News Play,451.36,455.45,435.8959714816588,469.77578006441746,37,151.33,1.19,7.86,200
2024-01-30,TSLA,Sell,Breakout,214.93,211.71,205.4693696683518,220.69197463858706,12,38.64,0.61,7.62,24
2024-05-22,AMZN,Sell,Scalp,363.25,359.02,345.58946204824906,388.1216434853925,82,346.86,1.41,8.61,85
2024-06-22,MSFT,Buy,Breakout,457.04,481.44,445.93998950830104,490.34730935169574,22,536.8,3.0,5.05,53
2024-05-05,AMD,Sell,News Play,245.32,238.13,233.34643355268844,254.764710658138,24,172.56,0.79,8.42,174
2024-06-03,META,Sell,Swing,329.71,344.17,318.40572481807703,353.74334022855146,73,-1055.58,2.13,12.46,127
2024-05-23,AMD,Buy,News Play,221.17,227.71,218.19290611444612,230.28558274757629,54,353.16,3.06,6.5,124
2024-06-29,TSLA,Sell,Reversal,309.19,305.58,298.65086655040614,323.89533534039015,84,303.24,1.4,8.81,141
2024-03-01,MSFT,Buy,Scalp,392.47,379.25,378.62395826396613,409.6893673075945,15,-198.3,1.24,7.73,48
2024-01-14,AMD,Sell,Scalp,468.65,466.44,446.7806459609018,498.4120669233488,27,59.67,1.36,6.89,189
2024-06-08,META,Sell,Breakout,175.78,167.94,167.30622606151238,190.35962962909417,80,627.2,1.72,5.38,160
2024-04-30,AMD,Buy,News Play,61.76,61.13,61.03517693758385,65.59422741580985,52,-32.76,5.29,3.05,62
2024-03-23,MSFT,Sell,Scalp,473.22,454.87,453.61528606660397,517.8339623577161,95,1743.25,2.28,19.47,223
2024-05-31,MSFT,Buy,Swing,156.29,167.74,154.52137097488972,169.51562511395667,96,1099.2,7.48,2.31,201
2024-06-19,AMZN,Buy,Swing,374.85,389.92,365.1822735749147,397.4652703185267,93,1401.51,2.34,16.29,97
2024-06-09,NVDA,Sell,Breakout,223.35,222.44,213.05922335621537,228.30818597357361,50,45.5,0.48,2.64,22
2024-06-18,TSLA,Sell,Scalp,98.64,102.25,93.7556413755647,105.9840512993912,94,-339.34,1.5,3.47,156
2024-05-04,META,Buy,Swing,215.41,212.95,211.77801098642627,223.18438662700828,21,-51.66,2.14,3.48,45
2024-06-15,NVDA,Buy,Reversal,69.11,71.41,68.2196917244049,74.83759431597345,55,126.5,6.43,1.14,9
2024-03-10,AMD,Buy,Breakout,232.16,245.63,221.67638421755257,248.21082747774258,99,1333.53,1.53,3.5,161
2024-04-22,AMD,Buy,News Play,324.02,320.47,313.9403099362471,335.43934404133927,32,-113.6,1.13,15.8,45
2024-02-18,AMZN,Buy,News Play,477.75,493.64,455.7438640342934,499.17656598020375,88,1398.32,0.97,13.74,123
2024-06-01,MSFT,Sell,News Play,119.52,118.23,118.1820611735365,130.98812784563074,41,52.89,8.57,2.57,171
2024-02-19,TSLA,Sell,News Play,180.63,182.35,175.81039963902063,190.49366003498127,88,-151.36,2.05,2.81,97
2024-02-09,NVDA,Sell,Reversal,214.96,216.36,206.48189290282326,220.2824304225496,21,-29.4,0.63,10.64,138
2024-01-15,META,Buy,Reversal,54.61,55.73,53.62722846881857,59.28885683588081,71,79.52,4.76,0.57,236
2024-06-25,AMZN,Sell,News Play,301.95,292.38,290.9520295000608,325.5581791045831,81,775.17,2.15,6.41,96
2024-01-08,NVDA,Sell,Swing,278.42,290.45,268.1079764806424,294.1434274116356,11,-132.33,1.52,7.81,118
2024-04-30,META,Sell,Breakout,488.13,472.98,467.94024412595724,532.8669344609473,61,924.15,2.22,21.48,177
2024-01-21,TSLA,Buy,Breakout,314.26,315.64,310.6080162831413,345.09191016540194,67,92.46,8.44,12.09,69
2024-03-19,MSFT,Sell,News Play,98.57,100.33,95.96751411375078,103.69579734374042,37,-65.12,1.97,2.41,115
2024-02-29,NVDA,Buy,News Play,141.27,139.74,138.92879781221876,149.569322998379,13,-19.89,3.54,6.08,34
2024-05-01,NVDA,Sell,Scalp,235.81,250.46,231.47100055129243,252.8689399560701,61,-893.65,3.93,4.37,200
2024-02-22,TSLA,Sell,Scalp,229.45,237.6,221.7745037532845,240.3411183237443,87,-709.05,1.42,6.16,5
2024-03-25,AMD,Buy,Breakout,281.99,283.47,278.33830076518245,309.269150208012,37,54.76,7.47,5.82,233
2024-05-24,AMD,Sell,News Play,55.79,56.98,53.113418952427814,58.54683423371126,52,-61.88,1.03,2.09,144
2024-05-23,META,Sell,News Play,310.36,301.52,300.8791940484629,316.69859938082107,26,229.84,0.67,6.56,29
2024-03-07,AMD,Sell,News Play,302.91,301.21,296.659820205986,316.5526899421677,67,113.9,2.18,5.08,235
2024-02-29,TSLA,Buy,Swing,275.74,274.46,268.1346597120206,285.4314476955437,34,-43.52,1.27,5.84,55
2024-06-11,NVDA,Sell,Breakout,161.13,161.65,158.72533023145988,164.40036838528488,79,-41.08,1.36,5.11,59
2024-06-06,MSFT,Sell,Scalp,360.81,351.37,347.318971291551,376.59516577385057,49,462.56,1.17,7.73,154
2024-02-07,MSFT,Sell,Scalp,167.24,176.21,160.2340768970066,181.30096891609867,52,-466.44,2.01,7.06,136
2024-05-20,AMD,Buy,News Play,91.41,94.73,87.96677357847206,97.30679185967128,31,102.92,1.71,1.73,145
2024-01-28,META,Buy,Swing,175.87,177.17,173.23828175218947,184.72546105012785,79,102.7,3.36,3.35,18
2024-01-24,META,Sell,Swing,55.57,53.54,52.871210974407425,56.89303509816298,46,93.38,0.49,1.81,64
2024-01-28,AMZN,Sell,Scalp,427.76,420.63,416.64974049218296,437.3777281658093,89,634.57,0.87,4.61,220
2024-05-31,TSLA,Buy,Scalp,83.37,86.13,80.40704060503423,91.38735725064362,68,187.68,2.71,2.34,94
2024-04-11,AMZN,Sell,Breakout,354.57,361.56,347.06312263318745,376.04852035526966,22,-153.78,2.86,13.07,115
2024-03-07,TSLA,Buy,Swing,260.98,263.97,252.87898070130456,266.5965706802634,52,155.48,0.69,7.04,59
2024-03-26,NVDA,Sell,Breakout,236.94,240.33,231.15555963066672,247.66325729421658,93,-315.27,1.85,6.94,236
2024-04-28,TSLA,Buy,News Play,224.25,227.03,220.46418520727673,236.4440675228361,47,130.66,3.22,10.39,109
2024-03-05,AMD,Buy,News Play,284.67,302.94,280.5513204213908,310.6751040861005,50,913.5,6.31,13.13,172
2024-05-31,AMZN,Buy,Scalp,378.03,383.46,366.78288070600627,404.6734699256181,15,81.45,2.37,10.61,9
2024-01-26,AMZN,Sell,Scalp,79.79,83.2,77.20981863066406,86.42853937706872,69,-235.29,2.57,1.53,126
2024-03-16,TSLA,Sell,Breakout,188.52,197.39,179.27642190840075,206.6601449061882,48,-425.76,1.96,4.25,43
2024-05-07,MSFT,Buy,Swing,418.28,417.65,410.9010001962015,452.2307914311415,46,-28.98,4.6,15.54,201
2024-04-20,MSFT,Buy,Reversal,147.64,142.86,142.5093095382325,155.51379030834875,97,-463.66,1.53,4.17,138
2024-03-02,NVDA,Buy,News Play,419.59,456.26,413.86640409049664,460.29024011881745,76,2786.92,7.11,13.1,225
2024-01-03,NVDA,Buy,Swing,463.46,475.24,444.57176590942225,508.338614581663,11,129.58,2.38,21.84,62
2024-05-16,MSFT,Buy,Swing,59.23,63.29,58.22927492040824,64.96450499920655,50,203.0,5.73,1.2,144
2024-05-29,NVDA,Buy,News Play,436.73,468.85,418.37858281255814,475.1800160183788,79,2537.48,2.1,6.16,159
2024-05-22,META,Sell,Swing,258.04,255.46,248.83915786234726,271.7071035170332,48,123.84,1.49,7.62,51
2024-03-19,META,Buy,Reversal,182.39,192.7,174.41352735587938,197.71480351931686,35,360.85,1.92,7.23,59
2024-05-10,MSFT,Sell,News Play,199.98,190.39,190.14125663883934,214.13101016960485,38,364.42,1.44,2.52,68
2024-03-25,AAPL,Sell,Breakout,147.39,149.3,141.46256347224042,152.2090698337936,82,-156.62,0.81,5.15,45
2024-05-08,NVDA,Sell,Swing,179.58,176.25,174.22483328435146,188.03269739524168,68,226.44,1.58,5.63,74
2024-04-30,AMZN,Sell,Swing,292.39,287.13,283.2883318016961,315.55169963234886,61,320.86,2.54,10.41,165
2024-06-22,NVDA,Buy,Reversal,86.15,84.74,83.48014435438812,88.51325320479224,53,-74.73,0.89,2.38,18
2024-01-18,AMZN,Sell,Scalp,328.77,316.47,315.48345210274584,360.41662503574423,84,1033.2,2.38,11.09,111
2024-03-10,TSLA,Sell,Breakout,64.92,63.94,63.51275738528712,68.81852647959997,30,29.4,2.77,1.76,62
2024-02-09,AMZN,Buy,Scalp,421.32,408.62,404.54488733969526,441.67901093718444,95,-1206.5,1.21,12.56,124
2024-04-23,TSLA,Sell,Swing,266.15,264.84,260.38843506243944,274.6083600697124,98,128.38,1.47,11.86,108
2024-06-29,TSLA,Buy,News Play,192.46,189.6,187.63897554740345,198.38314834116107,39,-111.54,1.23,6.83,40
2024-05-15,AAPL,Buy,News Play,92.99,96.07,89.74501259963994,98.51820835212403,89,274.12,1.7,2.41,206
2024-03-28,AMD,Sell,Breakout,209.16,210.63,203.3089447752487,216.10074003187296,100,-147.0,1.19,9.12,63
2024-03-23,AAPL,Buy,News Play,440.59,444.31,434.089489217918,452.81574985026424,51,189.72,1.88,16.66,169
2024-05-29,AAPL,Buy,Swing,123.22,127.54,119.574042229446,131.78773388792703,20,86.4,2.35,3.31,215
2024-01-22,TSLA,Sell,Swing,312.94,312.73,306.6361247117386,342.9088980186884,17,3.57,4.75,10.68,177
2024-02-23,AMZN,Sell,Reversal,187.52,192.95,181.99830474194815,200.60761229667446,34,-184.62,2.37,6.38,76
2024-06-27,AMD,Sell,Breakout,166.61,175.21,162.1367903889506,175.85446857756006,91,-782.6,2.07,6.17,226
2024-05-30,AMZN,Sell,Scalp,121.15,119.19,116.71819490738311,128.0884172620458,17,33.32,1.57,1.56,106
2024-06-15,TSLA,Sell,News Play,462.36,460.15,448.96021775404455,484.0770544758201,88,194.48,1.62,5.66,105
2024-04-29,META,Sell,Breakout,72.71,71.82,69.98480783182889,77.37693516278146,40,35.6,1.71,2.83,199
2024-03-02,NVDA,Buy,Breakout,145.4,144.88,142.9096188438375,149.7009142902404,38,-19.76,1.73,5.66,35
2024-01-27,META,Sell,Breakout,50.22,50.03,48.87963013964342,53.847260309753736,92,17.48,2.71,0.84,226
2024-02-02,AAPL,Sell,News Play,318.4,323.82,306.72850807416467,350.05845935127445,44,-238.48,2.71,12.77,208
2024-03-24,AAPL,Sell,News Play,146.99,143.89,140.84735560870593,155.4175641241872,18,55.8,1.37,5.34,234
2024-05-11,NVDA,Buy,News Play,217.9,232.58,214.3326921423296,236.97298601839432,61,895.48,5.35,4.85,6
2024-05-26,AMZN,Sell,Scalp,191.36,193.1,183.14071906491563,208.42403909153202,82,-142.68,2.08,2.71,128
2024-02-24,MSFT,Sell,News Play,64.83,64.5,63.73278017247677,67.49347853809932,30,9.9,2.43,0.8,233
2024-04-19,NVDA,Buy,Reversal,172.83,170.56,168.28015101494228,177.06493360829975,30,-68.1,0.93,3.57,62
2024-02-07,NVDA,Buy,Breakout,421.87,437.51,410.0738252778568,448.38027300385806,45,703.8,2.25,7.81,159
2024-02-10,AMZN,Sell,News Play,400.48,399.68,387.76782173314814,410.12161220042697,39,31.2,0.76,19.24,109
2024-02-02,AAPL,Sell,Swing,122.19,120.48,119.50091161651083,125.83231526063379,68,116.28,1.35,2.45,134
2024-05-18,NVDA,Buy,Swing,115.03,112.36,111.31301686429741,118.91594247566101,60,-160.2,1.05,3.8,190
2024-05-06,META,Buy,Reversal,265.02,273.07,261.7902236802342,274.44369524667223,11,88.55,2.92,7.86,178
2024-01-31,AMZN,Buy,News Play,291.86,303.78,283.4349151413061,312.65550209749057,78,929.76,2.47,8.28,52
2024-02-13,META,Sell,Scalp,233.91,232.81,229.26956478654813,244.93949385901854,31,34.1,2.38,5.18,180
2024-05-01,NVDA,Buy,Reversal,462.25,466.28,452.36919479863394,501.6914162276526,38,153.14,3.99,14.68,224
2024-01-05,META,Sell,Reversal,497.75,544.87,479.67134329296005,545.9561515408242,31,-1460.72,2.67,6.75,192
2024-02-26,AMZN,Sell,Breakout,467.85,476.17,450.61839951907774,496.7378587474556,82,-682.24,1.68,13.56,163
2024-01-07,MSFT,Buy,Scalp,132.72,133.67,129.79105707253254,136.94768832715616,44,41.8,1.44,2.32,224
2024-04-27,AMD,Sell,Reversal,108.66,106.8,103.39719939000044,116.18987583223057,95,176.7,1.43,4.63,97
2024-05-05,META,Buy,Swing,87.19,90.03,84.00428464025826,90.77265528109696,10,28.4,1.12,3.56,70
2024-04-21,MSFT,Buy,Swing,424.37,427.63,411.89549283015157,443.9953033022097,85,277.1,1.57,13.97,63
2024-03-21,NVDA,Sell,Swing,148.37,152.93,144.12044308227502,159.09719942309536,89,-405.84,2.52,3.14,84
2024-01-26,AMZN,Sell,Reversal,488.07,489.04,475.34056724447805,498.8427994572548,93,-90.21,0.85,22.76,11
2024-06-25,NVDA,Buy,Swing,296.32,298.35,289.6708413420666,309.32851774527694,61,123.83,1.96,4.19,192
2024-01-02,NVDA,Sell,Breakout,175.91,181.04,169.3758823676618,186.24839941278105,44,-225.72,1.58,2.35,99
2024-01-06,MSFT,Sell,News Play,166.28,160.67,160.16076497029616,171.1814712811177,84,471.24,0.8,7.82,237
2024-04-08,TSLA,Sell,Swing,392.24,381.54,375.2486866158337,427.04057585326467,51,545.7,2.05,14.61,49
2024-01-08,AMZN,Buy,Swing,402.69,441.25,396.8958536164568,441.9239178411615,63,2429.28,6.77,6.0,41
2024-02-22,AMZN,Buy,Scalp,325.03,320.75,315.8269111193233,344.1917955543539,43,-184.04,2.08,14.51,44
2024-04-30,TSLA,Buy,Swing,112.02,109.49,108.99261799446379,118.30233388635595,40,-101.2,2.08,2.09,199
2024-02-05,TSLA,Buy,Reversal,460.57,455.84,452.0801439430441,479.7282159597138,64,-302.72,2.26,20.13,126
2024-03-05,TSLA,Buy,News Play,251.9,252.18,244.4442583384527,274.1081512035952,95,26.6,2.98,11.3,179
2024-05-12,META,Buy,Breakout,231.77,235.73,228.1015421561666,240.19598886219202,12,47.52,2.3,6.83,195
2024-03-15,AAPL,Sell,Swing,299.38,314.14,289.7164808358113,321.3810928956846,93,-1372.68,2.28,10.39,42
2024-02-09,MSFT,Buy,Reversal,406.34,409.83,391.68309767136753,425.4226132043561,93,324.57,1.3,17.99,9
2024-04-22,AMZN,Sell,Reversal,144.79,148.94,138.4679826826231,152.67781961957294,34,-141.1,1.25,2.0,89
2024-05-23,AMZN,Buy,Breakout,222.57,219.85,214.77249045743838,234.15731168993798,85,-231.2,1.49,6.03,222
2024-05-01,AAPL,Buy,Scalp,146.42,144.29,143.62385598180865,150.73220902235437,87,-185.31,1.54,5.09,88
2024-03-18,NVDA,Sell,Reversal,138.28,137.98,132.94560248758202,142.99241839227835,19,5.7,0.88,2.18,23
2024-05-07,AAPL,Buy,Breakout,378.69,384.93,369.7574729676143,394.2231457685568,21,131.04,1.74,5.52,108
2024-01-10,MSFT,Buy,Breakout,312.34,331.19,300.114136841826,335.20915195227263,37,697.45,1.87,5.95,136
2024-02-28,NVDA,Buy,Reversal,112.28,117.37,110.67836238826658,117.43633749032651,40,203.6,3.22,4.3,126
2024-03-20,TSLA,Buy,Swing,352.4,348.16,343.15141057472266,375.5100570586966,32,-135.68,2.5,11.71,191
2024-05-05,TSLA,Sell,Swing,86.16,89.0,83.84941061843574,92.70534790385402,57,-161.88,2.83,1.23,232
2024-04-05,NVDA,Sell,Reversal,232.17,226.35,224.99999143396983,239.78232561661312,52,302.64,1.06,7.38,105
2024-04-18,META,Sell,News Play,496.61,509.1,474.8317621162761,525.0353431653971,81,-1011.69,1.31,16.19,150
2024-04-25,TSLA,Sell,Scalp,260.63,255.95,253.33430786250966,273.29216758171276,23,107.64,1.74,11.77,165
2024-03-22,AMZN,Buy,Reversal,467.4,488.73,446.1463369018208,493.39558199086315,29,618.57,1.22,20.1,222
2024-02-02,MSFT,Buy,Swing,319.02,347.05,310.78177405459707,349.475324364106,31,868.93,3.7,7.81,138
2024-03-11,NVDA,Sell,Scalp,244.69,247.67,235.78062342737127,253.51468605658656,11,-32.78,0.99,7.0,75
2024-03-11,META,Buy,News Play,226.7,228.07,219.06633715376483,235.3171919259924,98,134.26,1.13,4.15,171
2024-06-24,TSLA,Buy,Reversal,337.66,342.75,330.8760050194427,350.9183228002071,84,427.56,1.95,5.81,46
2024-04-26,META,Buy,Breakout,243.11,245.91,235.00730424367626,249.50199285947699,89,249.2,0.79,3.61,91
2024-05-09,MSFT,Buy,Swing,93.46,93.25,92.48000457836388,99.86775215808895,30,-6.3,6.54,1.54,32
2024-04-10,NVDA,Sell,Swing,211.49,214.65,204.5488526142241,222.15471293202225,94,-297.04,1.54,4.16,5
2024-01-26,NVDA,Buy,News Play,106.6,108.12,102.93228581702424,112.4377437608041,34,51.68,1.59,4.86,115
2024-05-02,TSLA,Sell,Breakout,327.98,330.63,317.6412959472709,337.61393726217307,17,-45.05,0.93,5.72,190
2024-06-28,MSFT,Buy,Scalp,302.62,302.09,297.714995965164,309.58523185536956,89,-47.17,1.42,14.43,30
2024-06-05,TSLA,Buy,Breakout,328.02,335.25,323.6382083186935,343.4186779542416,97,701.31,3.51,8.36,153
2024-01-10,META,Buy,News Play,441.25,450.58,434.80908089915187,456.8030333012386,37,345.21,2.41,5.49,204
2024-05-30,AMZN,Buy,Swing,95.78,97.86,93.08231549106502,98.21410386678888,66,137.28,0.9,3.59,196
2024-06-11,NVDA,Buy,News Play,212.0,210.87,208.22147562054207,219.7352238477374,88,-99.44,2.05,7.25,25
2024-04-03,NVDA,Buy,Reversal,53.77,55.96,51.192728123495044,56.60927897530722,55,120.45,1.1,2.11,81
2024-06-20,AMD,Buy,News Play,410.97,424.71,393.80654485667316,448.55255229090926,24,329.76,2.19,13.77,163
2024-01-06,META,Sell,Swing,174.72,174.34,168.63733381328413,180.86636096204765,44,16.72,1.01,6.45,157
2024-02-12,AAPL,Buy,Reversal,119.75,119.2,115.58916562596944,124.2868762078714,52,-28.6,1.09,2.37,152
2024-05-03,AMD,Sell,News Play,209.65,216.99,203.58920009651135,229.8469156309186,41,-300.94,3.33,5.46,79
2024-04-05,AAPL,Sell,News Play,73.1,71.05,70.92919306192397,77.9531221439173,51,104.55,2.24,1.54,161
2024-05-26,NVDA,Buy,Reversal,116.92,114.82,112.22132209199086,126.86525173256997,31,-65.1,2.12,5.21,118
2024-01-29,AMZN,Sell,Scalp,322.96,319.99,309.17133295606595,346.2045337386395,36,106.92,1.69,15.8,114
2024-03-04,MSFT,Buy,Reversal,93.38,100.28,90.13527833700785,102.35052504990385,70,483.0,2.76,3.08,128
2024-02-25,AMD,Buy,Scalp,455.73,470.45,449.41399262981247,471.81925856084945,86,1265.92,2.55,22.1,176
2024-05-22,META,Sell,Breakout,171.74,175.26,163.82591262632704,184.89492317242755,23,-80.96,1.66,2.18,43
2024-03-13,NVDA,Buy,News Play,231.77,233.16,221.67096814077988,254.17950561429097,14,19.46,2.22,3.69,71
2024-06-06,TSLA,Buy,Swing,481.0,467.6,465.0930429980245,494.6355565363279,25,-335.0,0.86,11.16,166
2024-03-08,TSLA,Sell,Reversal,256.99,261.14,248.53675336135916,276.4327285429864,68,-282.2,2.3,12.57,42
2024-06-09,AMZN,Sell,Scalp,103.03,103.71,98.32948014250086,108.90151720103147,72,-48.96,1.25,3.29,85
2024-04-29,AAPL,Sell,Scalp,105.91,105.63,103.30448637092573,110.63803669580011,77,21.56,1.81,5.22,14
2024-04-01,MSFT,Sell,Scalp,352.92,352.96,347.63254388713824,385.1656494276521,20,-0.8,6.1,15.27,142
2024-04-14,AAPL,Buy,Scalp,74.21,75.02,71.07041552062528,77.52561730585803,20,16.2,1.06,3.03,186
2024-04-19,MSFT,Buy,Swing,148.95,156.21,144.60189765272247,156.81297162725954,56,406.56,1.81,2.79,199
2024-01-24,TSLA,Sell,Scalp,276.39,294.1,271.12104270704094,297.21905885731763,19,-336.49,3.95,7.52,28
2024-02-18,TSLA,Sell,Scalp,93.6,94.81,92.54743420107441,100.64333574366898,71,-85.91,6.69,4.44,205
2024-03-22,MSFT,Buy,Reversal,377.41,387.92,363.11952356952037,388.43877561869516,79,830.29,0.77,7.55,116
2024-04-28,AAPL,Buy,Reversal,143.04,146.08,136.31010620917525,150.93150338653734,21,63.84,1.17,5.02,77
2024-05-21,TSLA,Sell,News Play,152.98,148.02,146.36742466867025,164.33403766488925,33,163.68,1.72,3.77,169
2024-06-27,MSFT,Buy,Breakout,59.66,60.38,58.391067992382574,62.03023419367311,26,18.72,1.87,1.8,221
2024-02-25,AMZN,Sell,Reversal,78.23,75.05,74.94284397848509,82.60302851966712,46,146.28,1.33,2.19,165
2024-02-04,TSLA,Buy,News Play,57.09,55.99,54.926585414293264,58.87387808823244,81,-89.1,0.82,2.4,46
2024-05-16,NVDA,Buy,Breakout,247.74,255.05,244.81284534264267,260.844635892184,100,731.0,4.48,7.53,105
2024-02-04,AMD,Buy,Breakout,359.56,349.38,343.42956917617767,375.29473390774336,71,-722.78,0.98,4.43,28
2024-05-27,AMZN,Buy,Reversal,493.47,523.69,473.56299042801646,538.0999560003997,38,1148.36,2.24,6.48,152
2024-06-11,META,Buy,Scalp,121.38,124.45,118.3097552026908,132.56725890214975,36,110.52,3.64,1.55,108
2024-01-07,MSFT,Sell,News Play,355.09,360.99,350.71468794405155,373.26543418939843,55,-324.5,4.15,15.03,174
2024-02-01,MSFT,Sell,Scalp,357.21,379.35,341.47793983257503,391.7981180481305,77,-1704.78,2.2,5.83,5
2024-04-25,NVDA,Buy,Swing,207.55,209.08,197.74209082593487,222.9931324090804,67,102.51,1.57,5.43,239
2024-06-16,META,Buy,Reversal,445.7,465.79,429.8589267276739,465.8416723339643,59,1185.31,1.27,10.03,222
2024-04-05,META,Sell,Scalp,404.58,422.56,390.22852872473504,427.3792443630129,44,-791.12,1.59,7.75,33
2024-04-04,MSFT,Buy,Scalp,334.59,342.12,328.9384835021392,354.0322525169633,29,218.37,3.44,12.13,45
2024-02-22,META,Buy,Breakout,264.27,260.92,257.7000765200418,270.21010046915274,77,-257.95,0.9,12.37,146
2024-02-05,AMD,Sell,News Play,488.09,496.5,467.23385615549404,502.39213067567346,90,-756.9,0.69,9.91,156
2024-05-21,AAPL,Sell,Breakout,418.96,423.23,409.9973021464035,459.0503240488389,41,-175.07,4.47,9.76,33
2024-06-17,AAPL,Sell,News Play,87.01,88.55,85.55898843229802,89.15536142550101,45,-69.3,1.48,1.98,111
2024-01-28,TSLA,Buy,Scalp,341.83,333.37,332.50023694337114,354.8371565194123,77,-651.42,1.39,13.34,182
2024-01-19,AAPL,Buy,Reversal,226.67,232.75,224.33813072012939,235.9320017695084,26,158.08,3.97,3.68,102
2024-04-24,TSLA,Sell,News Play,492.58,512.57,487.01465481251137,514.8647287674439,28,-559.72,4.0,18.76,216
2024-06-29,AMD,Sell,News Play,110.91,114.36,109.70606154188398,119.84234033244289,67,-231.15,7.42,5.27,205
2024-06-28,AAPL,Buy,Swing,234.92,232.71,231.26368185452446,253.86994802783914,95,-209.95,5.18,10.86,174
2024-03-23,MSFT,Buy,Swing,164.19,168.11,161.81922876420595,172.6902928340185,41,160.72,3.59,3.03,219
2024-01-05,MSFT,Buy,Breakout,364.2,363.47,355.06817479434267,379.5121011895934,92,-67.16,1.68,4.26,211
2024-03-24,MSFT,Sell,Scalp,348.79,346.97,342.29566052378993,358.1872368094975,81,147.42,1.45,10.68,208
2024-05-28,AMD,Buy,News Play,468.44,487.54,455.5343512964583,509.3219859705171,78,1489.8,3.17,20.04,96
2024-04-23,NVDA,Sell,Breakout,291.87,291.47,283.39197930073544,310.07716958618397,98,39.2,2.15,10.84,72
2024-05-09,MSFT,Sell,Reversal,136.1,135.55,133.95213797518136,139.50235310684442,40,22.0,1.58,6.06,127
2024-04-17,AAPL,Buy,Reversal,219.48,214.87,214.53335156629976,227.5184416431921,96,-442.56,1.63,6.4,35
2024-01-13,MSFT,Buy,News Play,260.7,254.78,249.1126310185479,272.1066248034764,31,-183.52,0.98,9.85,222
2024-02-21,AMZN,Buy,Swing,319.85,310.82,309.7679225693141,329.8429979091452,63,-568.89,0.99,4.6,204
2024-02-26,NVDA,Sell,Breakout,384.49,380.53,367.90313424878246,394.20475663278023,21,83.16,0.59,15.15,43
2024-01-07,AMD,Sell,Swing,87.49,91.37,86.23860476225676,93.61618754059363,23,-89.24,4.9,2.42,132
2024-06-19,AAPL,Sell,News Play,75.11,75.2,73.41124603324454,77.28188511390606,94,-8.46,1.28,2.27,209
2024-02-10,META,Sell,Breakout,490.9,496.28,474.66063940511805,503.4843010232272,91,-489.58,0.77,14.6,115
2024-06-04,MSFT,Buy,Reversal,441.77,452.66,427.7655747984036,463.83235433693534,70,762.3,1.58,14.55,8
2024-06-19,TSLA,Sell,Swing,338.76,360.11,329.09102178545334,365.3305464522854,62,-1323.7,2.75,6.63,136
2024-04-30,AAPL,Sell,Reversal,241.01,258.44,234.1863012633836,265.0693554263907,100,-1743.0,3.53,2.67,14
2024-05-14,AAPL,Sell,Reversal,388.46,397.44,384.1649894490981,406.20270065569844,24,-215.52,4.13,17.83,212
2024-01-12,TSLA,Sell,Breakout,360.69,380.43,349.89558230079433,382.5414679144121,100,-1974.0,2.02,7.82,62
2024-03-26,META,Buy,Reversal,99.04,98.03,95.81147585984199,104.47470348971865,52,-52.52,1.68,4.73,58
2024-04-26,NVDA,Sell,Scalp,234.0,240.36,228.26421642031482,240.86144933381726,48,-305.28,1.2,8.4,38
2024-05-25,META,Buy,Breakout,133.84,139.74,132.4235011425933,144.93709910214494,66,389.4,7.83,4.53,56
2024-01-19,NVDA,Buy,Swing,76.22,75.39,73.55837820568864,83.35322518502025,45,-37.35,2.68,0.99,87
2024-05-09,NVDA,Sell,Breakout,185.93,186.18,182.6504196782358,192.15256176511565,15,-3.75,1.9,9.13,55
2024-04-07,AMZN,Buy,News Play,459.2,471.52,452.1994900826655,487.184130356017,93,1145.76,4.0,22.34,72
2024-03-07,AAPL,Buy,News Play,356.01,368.01,345.1182205020547,374.6501840255284,78,936.0,1.71,6.43,9
2024-01-19,AMZN,Buy,News Play,269.81,273.88,259.6922880881646,292.4166436212992,78,317.46,2.23,9.56,214
2024-05-13,AMD,Sell,News Play,487.14,482.62,479.05592852873156,519.8757357040713,42,189.84,4.05,19.44,15
2024-06-16,META,Sell,Breakout,423.76,429.3,406.0954866194757,433.9036760789208,14,-77.56,0.57,19.98,165
2024-05-20,TSLA,Sell,Scalp,138.24,138.52,135.28832704398062,145.8687694370597,80,-22.4,2.58,1.5,81
2024-05-06,AMZN,Sell,Reversal,497.86,504.12,489.24111506561593,512.0028175253617,98,-613.48,1.64,15.69,216
2024-06-20,META,Buy,News Play,371.08,357.99,355.09050073219043,407.5628189538518,47,-615.23,2.28,6.26,132
2024-05-05,META,Sell,Scalp,282.86,297.24,270.13838388583866,297.86945139847546,35,-503.3,1.18,7.56,153
2024-06-03,MSFT,Sell,Reversal,72.62,76.87,70.14788779924956,77.58549847333065,71,-301.75,2.01,3.2,121
2024-05-25,TSLA,Sell,News Play,488.84,505.73,480.4637408554016,529.4537906847496,77,-1300.53,4.85,16.01,73
2024-01-16,MSFT,Sell,News Play,305.17,314.2,293.94049983759373,332.19176088066183,61,-550.83,2.41,6.15,209
2024-05-04,NVDA,Sell,Swing,146.68,151.2,141.12837435120022,153.2496763133033,66,-298.32,1.18,3.26,228
2024-03-28,AMD,Buy,Reversal,284.24,282.21,272.0554100627072,295.8352555027099,91,-184.73,0.95,7.81,148
2024-01-21,NVDA,Buy,Breakout,383.39,384.85,367.49811679882134,410.5269664934942,80,116.8,1.71,15.62,17
2024-06-02,MSFT,Sell,Swing,499.23,505.12,476.30520418392024,539.9185051400565,72,-424.08,1.77,13.27,201
2024-03-31,AAPL,Sell,Breakout,124.4,121.07,119.785264815759,127.51693312508469,66,219.78,0.68,4.12,214
2024-02-10,NVDA,Buy,Scalp,345.19,345.41,338.91295367456036,372.9928819004314,59,12.98,4.43,16.88,16
2024-04-29,MSFT,Buy,Scalp,375.07,396.97,356.7771142302032,407.7035354305519,41,897.9,1.78,13.84,215
2024-01-21,MSFT,Buy,Swing,197.38,199.65,187.64359946053938,202.32383281805315,22,49.94,0.51,3.52,237
2024-03-01,AMD,Sell,Swing,490.44,490.97,479.4263021061563,513.4318935961126,11,-5.83,2.09,22.04,22
2024-05-22,MSFT,Sell,Breakout,387.66,383.51,374.6584726516966,406.566411888452,51,211.65,1.45,19.34,121
2024-03-25,AMD,Buy,Reversal,351.44,348.11,345.0549103858389,378.48489733776876,31,-103.23,4.24,11.39,196
2024-02-13,AAPL,Sell,Reversal,308.82,305.43,305.0145629473403,322.0020239811074,53,179.67,3.46,5.71,143
2024-04-19,AMZN,Buy,News Play,113.99,114.12,110.00614713199936,120.97051195284014,97,12.61,1.75,1.81,183
2024-04-29,NVDA,Sell,Reversal,493.31,491.36,473.31848389318463,503.54818903773173,68,132.6,0.51,22.46,23
2024-03-09,AMZN,Sell,Scalp,123.32,135.09,120.41503968546546,135.28524925798976,45,-529.65,4.12,4.58,204
2024-04-14,TSLA,Buy,Swing,457.18,468.01,439.09070517198097,478.1872093562512,91,985.53,1.16,6.06,137
2024-01-13,META,Sell,Swing,224.06,225.04,220.47320907619277,240.03931767628973,41,-40.18,4.46,3.96,44
2024-01-03,META,Sell,Breakout,482.29,483.91,472.81333523230904,499.77224991157243,80,-129.6,1.84,5.3,30
2024-04-01,TSLA,Buy,Reversal,68.64,67.71,65.9908797495628,72.82545049258388,95,-88.35,1.58,2.73,23
2024-01-15,META,Buy,Scalp,64.33,68.05,62.797210097830146,69.4177783983522,45,167.4,3.32,3.11,92
2024-02-24,TSLA,Buy,News Play,434.33,425.23,420.61332887176434,455.33083057906634,15,-136.5,1.53,18.86,78
2024-06-17,TSLA,Buy,Breakout,344.57,332.44,331.56692304583834,373.98093364097133,41,-497.33,2.26,4.77,200
2024-03-22,TSLA,Buy,Reversal,238.71,245.34,233.57782203935713,259.25684501105945,10,66.3,4.0,5.07,174
2024-04-29,TSLA,Sell,News Play,129.3,133.26,124.65479931716732,134.10355702281294,68,-269.28,1.03,5.42,125
2024-04-10,AMD,Buy,Breakout,162.5,161.58,159.40101415055534,165.92209073082395,24,-22.08,1.1,3.78,115
2024-05-23,AAPL,Sell,Scalp,265.64,274.62,257.0335829614534,279.24539125519095,98,-880.04,1.58,6.33,16
2024-03-23,AAPL,Sell,News Play,276.27,277.63,271.85101019488013,294.93228394634286,26,-35.36,4.22,11.57,64
2024-01-12,MSFT,Buy,News Play,377.61,384.96,373.48606417414663,414.3805162330279,24,176.4,8.92,17.65,221
2024-05-11,META,Sell,News Play,463.37,457.54,443.56531275680106,493.93199340214585,48,279.84,1.54,7.45,132
2024-01-28,MSFT,Buy,Reversal,455.3,463.4,433.51261361251136,497.11413294879736,68,550.8,1.92,17.82,201
2024-03-22,AMD,Buy,News Play,477.19,478.69,465.95653809659314,492.57902729484465,92,138.0,1.37,6.66,112
2024-01-12,TSLA,Buy,News Play,169.46,179.45,165.0535228434276,182.4939632169146,75,749.25,2.96,6.39,39
2024-04-11,AMD,Buy,Scalp,169.63,173.44,167.61087754788733,175.51924926696788,48,182.88,2.92,3.81,109
2024-02-03,AMD,Sell,Scalp,122.28,121.48,119.35059482256129,131.97508853893862,50,40.0,3.31,3.9,33
2024-05-15,MSFT,Sell,Breakout,163.84,165.49,160.1593254240774,174.14788751569856,23,-37.95,2.8,6.15,86
2024-02-27,AMD,Buy,Swing,292.59,298.24,288.2896429575602,300.1738070080071,33,186.45,1.76,5.58,59
2024-06-22,AMZN,Sell,News Play,194.52,204.05,187.24889620382513,209.14722088687205,18,-171.54,2.01,4.09,174
2024-05-21,MSFT,Sell,Scalp,294.38,318.43,284.4330810188781,318.8017394278728,66,-1587.3,2.46,5.2,174
2024-04-01,AMZN,Sell,News Play,326.47,345.19,316.41561183709456,351.9378582548008,75,-1404.0,2.53,13.94,155
2024-03-23,AMD,Buy,Breakout,340.11,366.66,325.60201744582866,369.3801646385389,71,1885.05,2.02,4.98,122
2024-01-07,NVDA,Buy,News Play,149.3,149.58,142.28078800155754,160.44134377699532,99,27.72,1.59,5.64,198
2024-02-19,AMD,Sell,Reversal,241.8,247.4,234.89072764525935,255.30188421352688,97,-543.2,1.95,8.8,94
2024-04-03,TSLA,Sell,Scalp,451.24,478.5,437.4968970398998,491.83573051322645,29,-790.54,2.95,20.91,58
2024-04-06,TSLA,Buy,News Play,146.66,148.8,144.25958528665524,160.59699721778028,69,147.66,5.81,5.63,144
2024-06-23,AMD,Buy,Swing,165.8,163.7,161.1190045063586,175.54391866586928,80,-168.0,2.08,4.65,226
2024-06-08,AAPL,Buy,News Play,348.23,349.37,338.4686728480333,356.7080268694954,19,21.66,0.87,14.57,216
2024-03-08,META,Sell,Scalp,113.63,111.23,109.42519324840558,120.85751009396077,21,50.4,1.72,1.52,35
2024-02-02,AMZN,Buy,Reversal,347.1,341.38,336.18486601682963,373.37208460830493,19,-108.68,2.41,13.41,179
2024-04-07,AMZN,Sell,Reversal,370.81,375.6,356.0054244187679,383.73294261610397,13,-62.27,0.87,10.88,204
2024-04-25,MSFT,Sell,Scalp,116.44,115.21,113.78455507333196,121.00525151839761,33,40.59,1.72,2.52,200
2024-03-24,AMD,Sell,Swing,97.18,99.62,94.69438365141478,102.65771531889494,23,-56.12,2.2,1.41,80
2024-02-27,MSFT,Buy,News Play,120.08,121.87,117.90730883098,126.5725674053198,78,139.62,2.99,2.05,17
2024-01-09,AMZN,Sell,Swing,214.99,208.83,207.15897434217237,227.15611284331746,61,375.76,1.55,4.08,40
2024-06-20,TSLA,Sell,News Play,156.6,151.99,149.04111847455033,171.01529451786544,94,433.34,1.91,2.47,144
2024-02-21,AMD,Sell,Scalp,319.8,321.17,310.18571369164147,348.2618386323052,59,-80.83,2.96,15.64,54
2024-06-26,NVDA,Sell,Breakout,148.19,151.24,144.20500768282835,152.68019038793662,11,-33.55,1.13,3.61,40
2024-03-25,AAPL,Buy,Reversal,410.46,437.52,400.65648646585413,444.7697935798477,100,2706.0,3.5,15.65,201
2024-06-01,NVDA,Sell,News Play,237.16,242.41,233.86720216050207,251.65691180467454,33,-173.25,4.4,3.05,179
2024-02-11,AAPL,Buy,Reversal,144.57,149.42,142.9877120675267,154.72861313463005,28,135.8,6.42,3.66,96
2024-04-29,AMZN,Buy,Reversal,67.55,66.64,65.43210893735721,72.99247934571275,93,-84.63,2.57,0.75,84
2024-05-05,NVDA,Sell,Breakout,413.32,401.36,396.69054330010516,453.08797331379594,53,633.88,2.39,11.17,201
2024-01-17,MSFT,Sell,Swing,75.88,72.39,72.11405756566101,80.79132602093638,96,335.04,1.3,3.18,48
2024-01-03,TSLA,Sell,News Play,366.97,365.33,361.63881003782984,375.2978851950014,78,127.92,1.56,18.09,137
2024-04-07,MSFT,Buy,Scalp,117.47,120.79,115.66689673905823,122.32936885248597,37,122.84,2.7,5.01,71
2024-05-11,AAPL,Buy,Breakout,181.38,182.2,178.8698689269373,190.68312560716166,78,63.96,3.71,8.48,88
2024-05-05,MSFT,Buy,Swing,348.15,343.33,338.30938684188163,371.8989155814965,54,-260.28,2.41,8.76,117
2024-06-10,META,Sell,Breakout,67.1,65.91,65.14571695121406,70.46119771276035,69,82.11,1.72,2.65,170
2024-03-09,AAPL,Buy,Scalp,50.62,53.24,49.18566210337372,55.57128866568643,40,104.8,3.45,1.37,141
2024-03-09,META,Buy,Swing,75.65,75.72,74.46954453607773,82.9134117228548,10,0.7,6.15,1.3,165
2024-05-30,MSFT,Buy,Scalp,85.34,82.76,82.70863509602675,90.41254721528608,59,-152.22,1.93,3.23,225
2024-01-07,NVDA,Buy,Breakout,219.56,223.36,212.24744200771696,229.312619371007,71,269.8,1.33,9.0,142
2024-03-05,AAPL,Buy,News Play,422.76,412.85,411.45513839796126,453.0791897726538,65,-644.15,2.68,18.4,161
2024-04-02,NVDA,Buy,News Play,465.96,495.28,456.01474072016185,496.4480749123294,11,322.52,3.07,15.75,113
2024-03-06,AAPL,Sell,Swing,237.68,228.67,226.47281339883355,244.14117302054947,70,630.7,0.58,9.47,70
2024-03-31,AMD,Buy,Reversal,370.89,367.01,361.4492388077435,407.3394704539781,89,-345.32,3.86,12.48,188
2024-03-16,NVDA,Buy,Breakout,54.02,53.65,52.30978676740455,57.8632206344294,75,-27.75,2.25,2.01,186
2024-06-18,TSLA,Buy,Reversal,362.55,381.46,357.1599360638993,391.1505973296649,49,926.59,5.31,14.42,86
2024-02-22,META,Buy,Reversal,51.13,51.7,50.14817148507977,56.2187658145202,44,25.08,5.18,1.07,186
2024-01-29,AMD,Buy,Swing,133.49,136.83,129.23432485905474,140.5237669411736,14,46.76,1.65,3.8,170
2024-05-01,AAPL,Buy,Reversal,476.65,468.54,462.7488349912056,515.9663990270774,21,-170.31,2.83,12.38,135
2024-06-08,META,Buy,Swing,76.18,74.36,73.3359716346676,83.55570481861237,86,-156.52,2.59,3.42,213
2024-02-19,NVDA,Buy,Breakout,379.04,389.61,363.74560474566726,407.11998412081647,95,1004.15,1.84,11.99,9
2024-04-02,META,Buy,Breakout,134.93,137.62,132.060840784552,143.18665249698063,95,255.55,2.88,1.66,102
2024-02-23,AAPL,Buy,Swing,443.5,448.31,430.3045688353199,467.21664553398404,45,216.45,1.8,21.48,16
2024-01-08,MSFT,Sell,Reversal,207.67,205.13,205.02077173303795,227.1699687859534,56,142.24,7.36,4.95,108
2024-06-23,MSFT,Buy,Reversal,274.62,278.25,266.42348476463246,281.246021070101,42,152.46,0.81,13.16,143
2024-01-24,AMD,Buy,News Play,281.75,286.06,273.9327017273084,292.23224739099606,24,103.44,1.34,5.91,43
2024-06-25,META,Sell,Scalp,105.41,103.12,101.54382101666587,111.32881888084226,40,91.6,1.53,3.49,114
2024-04-06,TSLA,Sell,Breakout,220.36,225.19,209.84928411622758,240.42608227500648,21,-101.43,1.91,4.6,125
2024-04-11,META,Sell,Breakout,496.39,509.05,488.96809052872965,523.9244122070726,20,-253.2,3.71,18.23,51
2024-01-20,AMZN,Buy,Breakout,72.22,68.67,68.64776436934828,74.62018140876685,61,-216.55,0.67,2.99,116
2024-06-21,AMZN,Sell,Scalp,118.52,122.17,113.30797183145313,126.14136237207225,97,-354.05,1.46,5.37,10
2024-01-09,AAPL,Buy,News Play,346.0,335.89,334.99930909675453,353.94816810119244,31,-313.41,0.72,6.74,184
2024-01-09,NVDA,Sell,Swing,158.35,160.91,152.44825500449306,164.3217893866971,40,-102.4,1.01,4.19,168
2024-02-24,NVDA,Sell,Breakout,422.16,409.31,407.9824019147331,454.879546202806,44,565.4,2.31,15.89,116
2024-04-01,META,Buy,News Play,189.56,188.08,185.87125871798312,195.21018797514498,29,-42.92,1.53,3.16,165
2024-06-29,NVDA,Buy,Swing,366.5,382.46,357.59442962553885,383.9398448182635,21,335.16,1.96,14.61,101
2024-04-17,NVDA,Sell,News Play,121.17,117.89,117.3437633125795,124.9470353713612,38,124.64,0.99,5.37,37
2024-04-26,MSFT,Sell,Swing,135.37,134.44,131.59438648007324,139.64243926470698,61,56.73,1.13,1.83,7
2024-06-12,AMD,Sell,Swing,270.74,267.91,265.61100615283044,280.3851154229173,63,178.29,1.88,8.81,180
2024-04-21,NVDA,Sell,Reversal,193.54,208.22,186.1518165809599,209.50467093943075,76,-1115.68,2.16,2.85,150
2024-03-29,AMZN,Buy,Reversal,228.59,224.56,217.54415172091643,234.9872795959499,71,-286.13,0.58,9.34,180
2024-01-15,AMD,Buy,Reversal,178.28,187.43,172.58356511020935,189.74271822180663,40,366.0,2.01,6.62,227
2024-05-31,TSLA,Sell,Breakout,493.35,507.46,472.3090560512124,508.4079439088448,87,-1227.57,0.72,12.4,107
2024-01-27,AMD,Buy,Swing,127.23,132.34,124.5402304629047,136.09385410512158,19,97.09,3.3,4.86,72
2024-04-20,MSFT,Buy,Swing,104.83,104.48,102.49250341961319,109.48545363313102,92,-32.2,1.99,3.45,80
2024-02-24,NVDA,Buy,Swing,230.83,241.42,224.46087415614772,253.11480151608706,66,698.94,3.5,3.28,28
2024-04-09,TSLA,Buy,Breakout,449.08,486.63,443.87266588033134,490.8022882799626,21,788.55,8.01,13.5,85
2024-02-20,MSFT,Buy,News Play,465.61,494.71,447.3029707422626,510.4636491517899,41,1193.1,2.45,22.44,199
2024-03-30,NVDA,Sell,Scalp,116.33,115.93,112.8521999315735,123.45209007805089,17,6.8,2.05,2.34,36
2024-06-19,AAPL,Sell,Swing,396.01,381.74,376.34314012241776,421.90339377659774,61,870.47,1.32,5.98,182
2024-02-10,AAPL,Buy,Reversal,338.76,340.35,330.60072626857004,348.44580950191425,47,74.73,1.19,3.53,57
2024-03-30,TSLA,Buy,Reversal,252.04,260.88,242.48871104439758,260.8891085507238,75,663.0,0.93,4.33,124
2024-06-07,MSFT,Buy,Reversal,345.16,345.94,340.62196417293933,359.6881243195802,31,24.18,3.2,8.85,161
2024-03-31,TSLA,Sell,Swing,220.38,213.14,210.76009924210553,236.53264359564636,92,666.08,1.68,8.74,38
2024-04-02,AMZN,Sell,Swing,319.19,332.4,313.0829406771289,345.6593816629664,98,-1294.58,4.33,4.26,203
2024-06-18,AMD,Sell,News Play,309.56,322.77,297.42580101212627,340.42204309875996,50,-660.5,2.54,5.06,155
2024-02-02,AMZN,Buy,Breakout,205.23,203.06,201.4078442365121,218.86213758370195,43,-93.31,3.57,6.95,237
2024-02-19,META,Sell,Breakout,235.68,237.78,231.93562509031946,243.49845657409287,55,-115.5,2.09,4.45,24
2024-02-16,NVDA,Sell,Breakout,425.64,420.84,410.2153834773212,440.0597179225802,78,374.4,0.93,7.56,231
2024-01-24,AMD,Sell,Swing,220.91,236.77,212.76300324414674,242.35976802614832,11,-174.46,2.63,6.43,167
2024-06-23,MSFT,Buy,News Play,407.06,415.58,401.81351600212065,415.9988846160885,42,357.84,1.7,4.66,98
2024-04-05,NVDA,Buy,Reversal,73.04,69.91,69.8812559461786,76.56135618302656,17,-53.21,1.11,2.91,98
2024-01-27,AAPL,Buy,Scalp,176.6,177.6,170.70578730523536,180.59535244101932,88,88.0,0.68,6.8,73
2024-05-16,TSLA,Sell,Swing,200.85,219.03,191.8454865715992,220.05896769097373,90,-1636.2,2.13,6.02,206
2024-01-15,MSFT,Sell,Swing,166.55,176.56,160.2738143519129,182.81292392797414,22,-220.22,2.59,2.07,212
2024-03-25,AMD,Buy,Breakout,372.91,381.12,361.1812420658427,391.5123623275651,53,435.13,1.59,14.59,93
2024-01-30,TSLA,Sell,Breakout,257.12,259.25,251.8526677405425,266.7020966286895,72,-153.36,1.82,9.21,194
2024-02-12,AMZN,Buy,Breakout,329.99,316.53,313.8815761725193,349.3914709657397,49,-659.54,1.2,15.06,69
2024-05-13,AMZN,Sell,Breakout,69.98,72.29,66.83683723914044,76.86228903474732,100,-231.0,2.19,2.79,32
2024-01-01,AAPL,Sell,News Play,348.03,368.25,332.1614504689998,371.5182798904413,50,-1011.0,1.48,6.43,135
2024-05-18,META,Sell,News Play,299.33,309.95,295.9937675892382,320.84682225089165,34,-361.08,6.45,4.24,200
2024-02-28,NVDA,Sell,Breakout,51.52,51.39,49.772391370673915,52.93246227163145,71,9.23,0.81,1.04,78
2024-01-06,NVDA,Sell,Reversal,112.14,115.05,108.33120912210349,122.19375885742814,44,-128.04,2.64,4.33,90
2024-05-30,META,Sell,Breakout,476.34,477.82,458.4489444345874,500.5068267463384,88,-130.24,1.35,21.77,87
2024-02-13,META,Sell,News Play,294.08,299.61,290.7453473908458,307.11621753843787,54,-298.62,3.91,9.08,80
2024-04-11,NVDA,Buy,Reversal,349.07,365.03,344.93879551432275,367.39173168327216,76,1212.96,4.43,7.84,129
2024-02-26,AMD,Sell,Breakout,99.35,96.52,95.85777372787845,101.9529034175061,70,198.1,0.75,4.44,180
2024-06-21,AMZN,Sell,Scalp,445.76,452.72,426.7561648302068,461.4415626039597,30,-208.8,0.83,17.18,45
2024-04-22,MSFT,Sell,Swing,453.72,477.96,433.5866169538462,478.55032717367004,54,-1308.96,1.23,7.12,127
2024-06-20,META,Sell,Breakout,374.17,373.25,359.64304899523125,389.43064696662356,97,89.24,1.05,5.56,33
2024-06-26,NVDA,Buy,News Play,417.91,411.06,401.3684464654449,440.69867475110397,69,-472.65,1.38,7.5,211
2024-05-30,META,Sell,Reversal,361.98,372.26,358.1352757017346,387.09134237150914,77,-791.56,6.53,11.49,5
2024-01-22,AMZN,Buy,Swing,278.12,289.11,274.49505434337675,296.02713722904355,91,1000.09,4.94,12.1,98
2024-05-29,NVDA,Buy,Breakout,207.07,222.65,197.7432050638245,227.0737716453015,77,1199.66,2.14,5.55,159
2024-04-19,AMZN,Buy,News Play,343.01,352.55,336.82626904842385,371.2465973530818,57,543.78,4.57,17.04,119
2024-04-24,META,Sell,Scalp,128.44,129.63,122.72738933046747,138.38524387266648,43,-51.17,1.74,4.87,78
2024-02-09,AAPL,Buy,Reversal,487.7,497.63,465.3524131058452,522.9475641569605,89,883.77,1.58,22.3,97
2024-05-18,AMD,Sell,News Play,79.69,78.17,78.14885054597086,85.63597598452654,97,147.44,3.86,3.79,156
2024-06-09,META,Sell,News Play,365.15,361.33,349.9572199484068,391.3841862388883,88,336.16,1.73,12.37,162
2024-06-04,NVDA,Sell,Reversal,255.16,263.78,242.90489864854777,271.12978530106926,48,-413.76,1.3,9.87,65
2024-01-11,AAPL,Sell,Reversal,164.29,163.04,162.05301987001533,173.64640800121887,61,76.25,4.18,4.55,229
2024-06-29,NVDA,Sell,Breakout,258.78,257.83,249.28794673700625,264.20977831340247,82,77.9,0.57,11.31,102
2024-04-13,AMZN,Sell,Scalp,356.63,345.42,342.17258652625003,374.608117511598,52,582.92,1.24,16.42,108
2024-01-09,NVDA,Buy,Breakout,446.03,432.17,431.22305941122966,460.07708605021713,24,-332.64,0.95,14.22,210
2024-03-15,AMD,Sell,Swing,267.68,284.08,263.00046776788764,289.45421175556964,65,-1066.0,4.65,9.14,222
2024-02-24,META,Buy,Swing,115.78,123.21,111.51183985024092,123.46455138022665,90,668.7,1.8,2.28,53
2024-02-13,MSFT,Sell,Breakout,251.48,245.0,239.6904770933741,263.54894560937345,58,375.84,1.02,9.39,160
2024-04-09,AAPL,Buy,Reversal,361.5,362.25,346.17267418600136,384.9804944025931,23,17.25,1.53,4.67,91
2024-05-23,NVDA,Buy,Swing,342.63,328.79,326.423069699942,357.555203253942,77,-1065.68,0.92,5.46,28
2024-04-11,TSLA,Sell,Scalp,327.09,345.74,310.8599401124037,355.32897439616227,80,-1492.0,1.74,4.59,181
2024-04-19,NVDA,Sell,News Play,417.01,426.24,404.2636513565966,442.90079680825113,90,-830.7,2.03,13.23,235
2024-03-30,NVDA,Sell,Breakout,304.6,325.29,296.84067364641896,325.5402592199553,82,-1696.58,2.7,9.89,207
2024-03-26,MSFT,Buy,News Play,226.44,230.26,223.72901791426762,245.57319467279035,20,76.4,7.06,3.4,184
2024-06-29,NVDA,Sell,Breakout,169.33,166.76,163.8682701023734,172.9511799741934,50,128.5,0.66,8.21,224
2024-05-26,META,Buy,Swing,63.47,61.7,61.222393386822986,64.90144224356074,25,-44.25,0.64,0.75,96
2024-01-02,TSLA,Buy,Scalp,69.84,71.16,68.37720112383704,71.72582725914872,90,118.8,1.29,1.37,146
2024-01-21,AMD,Buy,Swing,59.83,60.14,57.24479502189388,61.14330869858534,36,11.16,0.51,2.46,24
2024-05-13,TSLA,Buy,Reversal,175.49,182.87,168.3217808643246,184.8167560371898,51,376.38,1.3,8.56,155
2024-02-24,AAPL,Sell,Reversal,75.92,76.85,72.87058886859973,79.77358215671072,22,-20.46,1.26,2.17,35
2024-04-19,MSFT,Sell,Scalp,138.56,138.41,136.6418529097366,143.11666738705907,89,13.35,2.38,5.13,72
2024-04-01,TSLA,Sell,Reversal,481.32,482.46,460.1677476340483,492.1712618218489,21,-23.94,0.51,23.13,15
2024-03-29,AMZN,Sell,Swing,443.19,463.65,430.3716573305784,465.9958080940232,40,-818.4,1.78,13.9,87
2024-03-22,AMD,Buy,Swing,481.19,489.48,463.0432614988806,517.7418577835216,39,323.31,2.01,17.15,66
2024-04-22,AMZN,Sell,Scalp,198.82,202.37,193.15733351122088,203.3262754878163,100,-355.0,0.8,3.84,204
2024-06-25,TSLA,Buy,News Play,302.89,299.56,295.60057661032107,323.54519943949987,68,-226.44,2.83,5.88,209
2024-03-02,TSLA,Buy,Swing,431.32,432.97,419.833408774373,455.8589668320086,93,153.45,2.14,7.54,181
2024-03-01,AMZN,Sell,Swing,80.14,85.27,78.62027451093219,85.99278311940886,93,-477.09,3.85,0.93,43
2024-01-05,NVDA,Buy,Breakout,444.98,473.18,425.4244036021685,481.9230514165193,49,1381.8,1.89,11.92,31
2024-03-30,AMZN,Sell,Swing,258.04,277.13,253.0372255754331,278.86311217975634,67,-1279.03,4.16,12.48,92
2024-01-01,AMZN,Buy,Swing,273.14,276.61,266.0461490087117,282.2100961460397,54,187.38,1.28,5.52,193
2024-02-22,AAPL,Buy,Breakout,251.56,263.19,244.29352925058578,274.5870373185948,55,639.65,3.17,9.24,113
2024-06-08,AMZN,Buy,Scalp,257.07,259.43,251.69008348040595,271.95184778951443,51,120.36,2.77,10.5,162
2024-03-30,MSFT,Buy,Reversal,355.63,371.16,339.9842265001414,372.8042331873782,77,1195.81,1.1,3.81,218
2024-05-11,AMD,Buy,Reversal,149.69,146.85,143.21950357497582,154.23657526025423,66,-187.44,0.7,7.3,8
2024-06-18,TSLA,Buy,Swing,306.1,314.44,292.7999092323352,333.58860687180464,16,133.44,2.07,7.25,156
2024-06-05,META,Sell,News Play,262.08,265.61,255.57605677498793,283.1631081863659,77,-271.81,3.24,9.25,72
2024-02-04,AMD,Sell,Reversal,76.92,76.45,76.03872852694673,80.68764351247573,86,40.42,4.28,1.7,222
