Name,Symbol,Side,Status,Filled,Total Qty,Price,Avg Price,Time-in-Force,Placed Time,Filled Time
SPY250124C00611000_158,SPY250124C00611000_158,Buy,Filled,1,1,0.24,0.24,DAY,01/24/2025 11:01:02 EST,01/24/2025 11:01:02 EST
SPY250124C00610000_783,SPY250124C00610000_783,Buy,Filled,1,1,0.67,0.67,DAY,01/24/2025 10:37:12 EST,01/24/2025 10:37:12 EST
SPY250124C00610000_392,SPY250124C00610000_392,Buy,Filled,1,1,1.26,1.26,DAY,01/24/2025 10:00:26 EST,01/24/2025 10:00:26 EST
SPY250121C00602000_555,SPY250121C00602000_555,Sell,Filled,1,1,0.51,0.51,DAY,01/21/2025 11:55:56 EST,01/21/2025 11:55:56 EST
SPY250121C00602000_535,SPY250121C00602000_535,Buy,Filled,1,1,0.47,0.47,DAY,01/21/2025 11:36:28 EST,01/21/2025 11:36:28 EST
SPY250117C00600000_953,SPY250117C00600000_953,Sell,Filled,1,1,0.3,0.3,DAY,01/17/2025 11:53:33 EST,01/17/2025 11:53:33 EST
SPY250117C00600000_316,SPY250117C00600000_316,Sell,Cancelled,0,1,0.39,,DAY,01/17/2025 11:53:11 EST,
SPY250117C00600000_187,SPY250117C00600000_187,Buy,Filled,1,1,0.29,0.29,DAY,01/17/2025 11:06:28 EST,01/17/2025 11:06:28 EST
SPY250116C00593000_328,SPY250116C00593000_328,Sell,Cancelled,0,1,0.82,,DAY,01/16/2025 15:00:23 EST,
SPY250116C00593000_882,SPY250116C00593000_882,Sell,Filled,1,1,0.43,0.43,DAY,01/16/2025 15:00:23 EST,01/16/2025 15:14:11 EST
SPY250116C00593000_550,SPY250116C00593000_550,Buy,Filled,1,1,0.43,0.43,DAY,01/16/2025 14:26:46 EST,01/16/2025 14:26:46 EST
SPY250114C00585000_364,SPY250114C00585000_364,Sell,Filled,1,1,0.33,0.33,DAY,01/14/2025 11:28:23 EST,01/14/2025 11:28:45 EST
SPY250114C00585000_198,SPY250114C00585000_198,Sell,Cancelled,0,1,0.44,,DAY,01/14/2025 11:28:23 EST,
SPY250114C00585000_576,SPY250114C00585000_576,Buy,Filled,1,1,0.36,0.36,DAY,01/14/2025 11:26:32 EST,01/14/2025 11:26:32 EST
SPY250113C00580000_362,SPY250113C00580000_362,Sell,Filled,1,1,0.48,0.48,DAY,01/13/2025 11:46:43 EST,01/13/2025 11:46:43 EST
SPY250113C00580000_908,SPY250113C00580000_908,Buy,Filled,1,1,0.99,0.99,DAY,01/13/2025 09:56:37 EST,01/13/2025 09:56:37 EST
SPY250108C00591000_321,SPY250108C00591000_321,Sell,Filled,2,2,0.49,0.49,DAY,01/08/2025 12:13:01 EST,01/08/2025 13:28:06 EST
SPY250108C00591000_370,SPY250108C00591000_370,Buy,Filled,2,2,0.65,0.65,DAY,01/08/2025 11:55:39 EST,01/08/2025 11:55:39 EST
SPY250106C00595000_796,SPY250106C00595000_796,Sell,Filled,2,2,0.4,0.4,DAY,01/06/2025 14:57:26 EST,01/06/2025 14:57:26 EST
SPY250106C00595000_996,SPY250106C00595000_996,Buy,Filled,2,2,1.16,1.16,DAY,01/06/2025 14:16:25 EST,01/06/2025 14:16:25 EST
SPY250103P00587500_794,SPY250103P00587500_794,Sell,Filled,1,1,0.69,0.69,DAY,01/03/2025 11:20:11 EST,01/03/2025 11:20:11 EST
SPY250103P00587500_546,SPY250103P00587500_546,Buy,Filled,1,1,0.74,0.74,DAY,01/03/2025 11:05:58 EST,01/03/2025 11:05:58 EST
SPY250103P00589000_713,SPY250103P00589000_713,Sell,Filled,1,1,1.14,1.14,DAY,01/03/2025 10:51:18 EST,01/03/2025 11:02:54 EST
SPY250103P00589000_948,SPY250103P00589000_948,Sell,Cancelled,0,1,2.21,,DAY,01/03/2025 10:51:18 EST,
SPY250103P00589000_510,SPY250103P00589000_510,Buy,Filled,1,1,1.52,1.52,DAY,01/03/2025 10:46:39 EST,01/03/2025 10:46:39 EST
RGTI250103C00018000_444,RGTI250103C00018000_444,Sell,Filled,1,1,0.95,0.95,DAY,01/03/2025 10:41:26 EST,01/03/2025 10:41:26 EST
RGTI250103C00018000_453,RGTI250103C00018000_453,Buy,Filled,1,1,1.15,1.15,DAY,01/03/2025 10:40:23 EST,01/03/2025 10:40:23 EST
SPY250102C00587000_704,SPY250102C00587000_704,Buy,Filled,1,1,0.32,0.32,DAY,01/02/2025 12:59:24 EST,01/02/2025 12:59:24 EST
SPY250102C00593000_702,SPY250102C00593000_702,Sell,Filled,1,1,0.42,0.42,DAY,01/02/2025 10:17:59 EST,01/02/2025 10:17:59 EST
SPY250102C00593000_988,SPY250102C00593000_988,Buy,Filled,1,1,0.59,0.59,DAY,01/02/2025 10:15:19 EST,01/02/2025 10:15:19 EST
SPY250102P00584000_882,SPY250102P00584000_882,Sell,Filled,2,2,0.19,0.19,DAY,01/02/2025 10:05:53 EST,01/02/2025 10:05:53 EST
SPY250102P00584000_258,SPY250102P00584000_258,Buy,Filled,1,1,0.33,0.33,DAY,01/02/2025 09:55:14 EST,01/02/2025 09:55:14 EST
SPY250102P00584000_412,SPY250102P00584000_412,Buy,Filled,1,1,0.58,0.58,DAY,01/02/2025 09:50:59 EST,01/02/2025 09:50:59 EST
SPY250102P00588000_464,SPY250102P00588000_464,Sell,Filled,1,1,2.71,2.71,DAY,01/02/2025 09:40:32 EST,01/02/2025 09:40:32 EST
SPY250102P00588000_631,SPY250102P00588000_631,Buy,Filled,1,1,2.15,2.15,DAY,01/02/2025 09:35:09 EST,01/02/2025 09:35:09 EST
SPY241231P00584000_312,SPY241231P00584000_312,Sell,Filled,2,2,0.42,0.42,DAY,12/31/2024 11:09:59 EST,12/31/2024 11:09:59 EST
SPY241231P00584000_991,SPY241231P00584000_991,Buy,Filled,2,2,0.55,0.55,DAY,12/31/2024 11:05:12 EST,12/31/2024 11:05:12 EST
TSLA250103C00430000_200,TSLA250103C00430000_200,Buy,Filled,1,1,8.55,8.55,DAY,12/31/2024 10:22:21 EST,12/31/2024 10:22:21 EST
SPY241231P00588000_700,SPY241231P00588000_700,Sell,Filled,1,1,1.35,1.35,DAY,12/31/2024 09:55:50 EST,12/31/2024 09:55:50 EST
SPY241231P00588000_905,SPY241231P00588000_905,Sell,Filled,1,1,1.46,1.46,DAY,12/31/2024 09:51:49 EST,12/31/2024 09:51:50 EST
SPY241231P00588000_402,SPY241231P00588000_402,Buy,Filled,2,2,1.7,1.7,DAY,12/31/2024 09:40:42 EST,12/31/2024 09:40:42 EST
SPY241230P00590000_725,SPY241230P00590000_725,Sell,Filled,1,1,0.56,0.56,DAY,12/30/2024 13:02:24 EST,12/30/2024 13:14:22 EST
SPY241230P00590000_919,SPY241230P00590000_919,Sell,Cancelled,0,1,1.72,,DAY,12/30/2024 13:02:24 EST,
SPY241230P00590000_566,SPY241230P00590000_566,Buy,Filled,1,1,0.96,0.96,DAY,12/30/2024 13:02:15 EST,12/30/2024 13:02:15 EST
SPY241230C00590000_406,SPY241230C00590000_406,Sell,Filled,2,2,1.54,1.54,DAY,12/30/2024 12:35:45 EST,12/30/2024 12:35:45 EST
SPY241230C00590000_152,SPY241230C00590000_152,Sell,Cancelled,0,2,1.22,,DAY,12/30/2024 12:24:06 EST,
SPY241230C00590000_748,SPY241230C00590000_748,Sell,Cancelled,0,2,1.69,,DAY,12/30/2024 12:24:06 EST,
SPY241230C00590000_635,SPY241230C00590000_635,Buy,Filled,2,2,1.18,1.18,DAY,12/30/2024 12:01:48 EST,12/30/2024 12:01:48 EST
SPY241230C00588000_794,SPY241230C00588000_794,Sell,Filled,2,2,1.73,1.73,DAY,12/30/2024 11:51:40 EST,12/30/2024 11:51:40 EST
SPY241230C00588000_175,SPY241230C00588000_175,Buy,Filled,2,2,1.61,1.61,DAY,12/30/2024 11:50:31 EST,12/30/2024 11:50:31 EST
SPY241230C00590000_481,SPY241230C00590000_481,Sell,Filled,1,1,0.69,0.69,DAY,12/30/2024 11:48:27 EST,12/30/2024 11:48:27 EST
SPY241230C00590000_944,SPY241230C00590000_944,Sell,Filled,1,1,1.09,1.09,DAY,12/30/2024 11:44:42 EST,12/30/2024 11:44:42 EST
SPY241230C00590000_800,SPY241230C00590000_800,Buy,Filled,1,1,0.57,0.57,DAY,12/30/2024 11:26:27 EST,12/30/2024 11:26:28 EST
SPY241230C00590000_502,SPY241230C00590000_502,Sell,Cancelled,0,1,0.39,,DAY,12/30/2024 11:26:09 EST,
SPY241230C00590000_223,SPY241230C00590000_223,Sell,Cancelled,0,1,1.03,,DAY,12/30/2024 11:26:09 EST,
SPY241230C00590000_816,SPY241230C00590000_816,Sell,Filled,1,1,0.61,0.61,DAY,12/30/2024 11:22:47 EST,12/30/2024 11:22:48 EST
SPY241230C00590000_278,SPY241230C00590000_278,Sell,Filled,1,1,0.45,0.45,DAY,12/30/2024 10:56:20 EST,12/30/2024 10:56:21 EST
SPY241230C00590000_470,SPY241230C00590000_470,Buy,Filled,1,1,0.3,0.3,DAY,12/30/2024 10:49:31 EST,12/30/2024 10:49:31 EST
SPY241230C00590000_723,SPY241230C00590000_723,Buy,Filled,1,1,0.52,0.52,DAY,12/30/2024 10:44:08 EST,12/30/2024 10:44:08 EST
SPY241230C00590000_445,SPY241230C00590000_445,Buy,Filled,1,1,0.31,0.31,DAY,12/30/2024 10:37:51 EST,12/30/2024 10:37:51 EST
SPY241230P00583000_233,SPY241230P00583000_233,Sell,Filled,2,2,1.04,1.04,DAY,12/30/2024 10:25:21 EST,12/30/2024 10:25:21 EST
SPY241230P00583000_449,SPY241230P00583000_449,Buy,Filled,2,2,0.95,0.95,DAY,12/30/2024 09:57:29 EST,12/30/2024 09:57:30 EST
SPY241230P00583000_604,SPY241230P00583000_604,Sell,Filled,1,1,0.81,0.81,DAY,12/30/2024 09:50:33 EST,12/30/2024 09:50:33 EST
SPY241230P00583000_963,SPY241230P00583000_963,Buy,Filled,1,1,1.0,1.0,DAY,12/30/2024 09:43:08 EST,12/30/2024 09:43:08 EST
SPY241227P00591000_113,SPY241227P00591000_113,Sell,Cancelled,0,1,1.22,,DAY,12/27/2024 10:35:25 EST,
SPY241227P00591000_228,SPY241227P00591000_228,Sell,Filled,1,1,0.78,0.78,DAY,12/27/2024 10:35:25 EST,12/27/2024 10:37:49 EST
SPY241227P00591000_271,SPY241227P00591000_271,Buy,Filled,1,1,0.76,0.76,DAY,12/27/2024 10:24:55 EST,12/27/2024 10:24:55 EST
SPY241227P00595000_920,SPY241227P00595000_920,Sell,Filled,1,1,2.63,2.63,DAY,12/27/2024 10:21:16 EST,12/27/2024 10:21:16 EST
SPY241227P00595000_703,SPY241227P00595000_703,Sell,Filled,1,1,1.17,1.17,DAY,12/27/2024 10:02:23 EST,12/27/2024 10:02:23 EST
SPY241227P00595000_815,SPY241227P00595000_815,Buy,Filled,1,1,0.79,0.79,DAY,12/27/2024 09:37:28 EST,12/27/2024 09:37:28 EST
SPY241227P00595000_155,SPY241227P00595000_155,Buy,Filled,1,1,0.52,0.52,DAY,12/27/2024 09:32:12 EST,12/27/2024 09:32:12 EST
SPY241226P00601000_921,SPY241226P00601000_921,Sell,Filled,1,1,0.98,0.98,DAY,12/26/2024 12:48:52 EST,12/26/2024 12:48:52 EST
SPY241226P00601000_998,SPY241226P00601000_998,Sell,Filled,1,1,0.86,0.86,DAY,12/26/2024 12:48:06 EST,12/26/2024 12:48:06 EST
SPY241226P00601000_957,SPY241226P00601000_957,Buy,Filled,2,2,0.61,0.61,DAY,12/26/2024 12:46:46 EST,12/26/2024 12:46:46 EST
SPY241226C00600000_697,SPY241226C00600000_697,Sell,Filled,1,1,1.94,1.94,DAY,12/26/2024 11:50:58 EST,12/26/2024 11:50:58 EST
SPY241226C00600000_765,SPY241226C00600000_765,Buy,Filled,1,1,1.65,1.65,DAY,12/26/2024 11:19:01 EST,12/26/2024 11:19:01 EST
SPY241226C00600000_373,SPY241226C00600000_373,Sell,Filled,2,2,1.57,1.57,DAY,12/26/2024 11:14:57 EST,12/26/2024 11:14:57 EST
SPY241226C00600000_518,SPY241226C00600000_518,Buy,Filled,2,2,1.33,1.33,DAY,12/26/2024 10:52:16 EST,12/26/2024 10:52:16 EST
SPY241223C00593000_706,SPY241223C00593000_706,Sell,Cancelled,0,1,1.36,,DAY,12/23/2024 13:09:00 EST,
SPY241223C00593000_268,SPY241223C00593000_268,Sell,Filled,1,1,0.81,0.81,DAY,12/23/2024 13:09:00 EST,12/23/2024 13:17:25 EST
SPY241223C00593000_437,SPY241223C00593000_437,Sell,Filled,1,1,0.92,0.92,DAY,12/23/2024 13:05:40 EST,12/23/2024 13:05:41 EST
SPY241223C00593000_190,SPY241223C00593000_190,Buy,Filled,2,2,0.71,0.71,DAY,12/23/2024 12:32:29 EST,12/23/2024 12:32:29 EST
SPY241220C00588000_960,SPY241220C00588000_960,Sell,Filled,1,1,6.45,6.45,DAY,12/20/2024 12:01:06 EST,12/20/2024 12:01:07 EST
SPY241220C00588000_576,SPY241220C00588000_576,Buy,Filled,1,1,3.34,3.34,DAY,12/19/2024 10:39:10 EST,12/19/2024 10:39:10 EST
SPY241220C00593000_860,SPY241220C00593000_860,Sell,Filled,1,1,0.96,0.96,DAY,12/19/2024 10:32:22 EST,12/19/2024 10:32:23 EST
SPY241220C00593000_245,SPY241220C00593000_245,Buy,Filled,1,1,2.15,2.15,DAY,12/18/2024 15:47:52 EST,12/18/2024 15:47:52 EST
TSLA241220C00497500_853,TSLA241220C00497500_853,Sell,Filled,1,1,5.25,5.25,DAY,12/18/2024 11:14:08 EST,12/18/2024 11:14:08 EST
TSLA241220C00497500_878,TSLA241220C00497500_878,Buy,Filled,1,1,5.21,5.21,DAY,12/18/2024 10:07:23 EST,12/18/2024 10:07:23 EST
SPY241216C00606000_285,SPY241216C00606000_285,Sell,Filled,2,2,0.92,0.92,DAY,12/16/2024 11:07:37 EST,12/16/2024 11:18:39 EST
SPY241216C00606000_818,SPY241216C00606000_818,Sell,Cancelled,0,2,1.72,,DAY,12/16/2024 11:07:37 EST,
SPY241216C00606000_327,SPY241216C00606000_327,Buy,Filled,2,2,1.15,1.15,DAY,12/16/2024 11:05:28 EST,12/16/2024 11:05:28 EST
SPY241216C00606000_410,SPY241216C00606000_410,Buy,Cancelled,0,2,1.05,,DAY,12/16/2024 11:04:06 EST,
SPY241216C00606000_504,SPY241216C00606000_504,Sell,Filled,2,2,0.98,0.98,DAY,12/16/2024 11:03:39 EST,12/16/2024 11:03:39 EST
SPY241216C00606000_504,SPY241216C00606000_504,Buy,Filled,2,2,1.19,1.19,DAY,12/16/2024 10:57:38 EST,12/16/2024 10:57:39 EST
SPY241213C00603000_874,SPY241213C00603000_874,Sell,Filled,1,1,1.66,1.66,DAY,12/13/2024 11:36:34 EST,12/13/2024 11:36:34 EST
SPY241213C00603000_301,SPY241213C00603000_301,Sell,Cancelled,0,1,2.18,,DAY,12/13/2024 11:33:01 EST,
SPY241213C00603000_469,SPY241213C00603000_469,Sell,Cancelled,0,1,1.11,,DAY,12/13/2024 11:33:01 EST,
SPY241213C00603000_583,SPY241213C00603000_583,Sell,Filled,1,1,1.52,1.52,DAY,12/13/2024 11:32:45 EST,12/13/2024 11:32:45 EST
SPY241213C00603000_866,SPY241213C00603000_866,Sell,Cancelled,0,2,2.1,,DAY,12/13/2024 11:18:33 EST,
SPY241213C00603000_599,SPY241213C00603000_599,Sell,Cancelled,0,2,0.88,,DAY,12/13/2024 11:18:33 EST,
SPY241213C00603000_746,SPY241213C00603000_746,Buy,Filled,2,2,1.3,1.3,DAY,12/13/2024 11:18:01 EST,12/13/2024 11:18:01 EST
SPY241213C00603000_189,SPY241213C00603000_189,Buy,Cancelled,0,2,1.22,,DAY,12/13/2024 11:17:47 EST,
SPY241213C00603000_341,SPY241213C00603000_341,Buy,Cancelled,0,2,1.05,,DAY,12/13/2024 11:12:09 EST,
SPY241213P00607000_387,SPY241213P00607000_387,Sell,Filled,1,1,1.2,1.2,DAY,12/13/2024 09:55:50 EST,12/13/2024 09:55:50 EST
SPY241213P00607000_300,SPY241213P00607000_300,Sell,Filled,1,1,1.18,1.18,DAY,12/13/2024 09:54:55 EST,12/13/2024 09:54:56 EST
SPY241213P00607000_184,SPY241213P00607000_184,Buy,Filled,2,2,0.94,0.94,DAY,12/13/2024 09:50:44 EST,12/13/2024 09:50:44 EST
SPY241211C00603000_418,SPY241211C00603000_418,Sell,Filled,1,1,3.99,3.99,DAY,12/11/2024 10:12:07 EST,12/11/2024 10:12:07 EST
SPY241211C00603000_329,SPY241211C00603000_329,Sell,Cancelled,0,1,3.53,,DAY,12/11/2024 09:58:57 EST,
SPY241211C00603000_286,SPY241211C00603000_286,Sell,Cancelled,0,1,4.07,,DAY,12/11/2024 09:58:57 EST,
SPY241211C00603000_409,SPY241211C00603000_409,Buy,Filled,1,1,3.52,3.52,DAY,12/11/2024 09:51:42 EST,12/11/2024 09:51:52 EST
SPY241209P00608000_440,SPY241209P00608000_440,Sell,Filled,1,1,1.76,1.76,DAY,12/09/2024 10:35:37 EST,12/09/2024 10:35:37 EST
SPY241209P00608000_695,SPY241209P00608000_695,Sell,Filled,1,1,1.12,1.12,DAY,12/06/2024 15:46:13 EST,12/06/2024 15:46:14 EST
SPY241209P00608000_185,SPY241209P00608000_185,Buy,Filled,1,1,1.23,1.23,DAY,12/06/2024 15:38:03 EST,12/06/2024 15:38:03 EST
SPY241209P00608000_983,SPY241209P00608000_983,Buy,Filled,1,1,1.31,1.31,DAY,12/06/2024 15:08:42 EST,12/06/2024 15:08:42 EST
SPY240925C00569000_332,SPY240925C00569000_332,Sell,Cancelled,0,2,2.02,,DAY,09/25/2024 13:54:31 EST,
SPY240925C00569000_393,SPY240925C00569000_393,Sell,Filled,2,2,1.02,1.02,DAY,09/25/2024 13:54:31 EST,09/25/2024 14:08:30 EST
SPY240925C00569000_959,SPY240925C00569000_959,Buy,Filled,2,2,1.22,1.22,DAY,09/25/2024 13:54:07 EST,09/25/2024 13:54:07 EST
SPY240925C00569000_418,SPY240925C00569000_418,Buy,Cancelled,0,2,1.07,,DAY,09/25/2024 13:53:55 EST,
SPY240924P00568000_767,SPY240924P00568000_767,Sell,Filled,1,1,0.9,0.9,DAY,09/24/2024 10:31:12 EST,09/24/2024 10:31:12 EST
SPY240924P00568000_366,SPY240924P00568000_366,Buy,Filled,1,1,0.95,0.95,DAY,09/24/2024 10:30:57 EST,09/24/2024 10:30:57 EST
SPY240924C00568000_514,SPY240924C00568000_514,Sell,Filled,2,2,1.06,1.06,DAY,09/24/2024 10:23:06 EST,09/24/2024 10:23:06 EST
SPY240924C00568000_580,SPY240924C00568000_580,Buy,Filled,2,2,1.7,1.7,DAY,09/24/2024 10:10:59 EST,09/24/2024 10:10:59 EST
SPY240924P00569000_693,SPY240924P00569000_693,Sell,Filled,2,2,1.18,1.18,DAY,09/24/2024 10:00:30 EST,09/24/2024 10:00:31 EST
SPY240924P00569000_173,SPY240924P00569000_173,Buy,Filled,2,2,0.97,0.97,DAY,09/24/2024 10:00:06 EST,09/24/2024 10:00:06 EST
SPY240918P00560000_668,SPY240918P00560000_668,Sell,Filled,1,1,1.82,1.82,DAY,09/18/2024 10:29:11 EST,09/18/2024 10:29:12 EST
SPY240918P00560000_403,SPY240918P00560000_403,Buy,Filled,1,1,1.99,1.99,DAY,09/18/2024 10:20:49 EST,09/18/2024 10:20:49 EST
SPY240918P00562000_825,SPY240918P00562000_825,Sell,Filled,2,2,2.7,2.7,DAY,09/18/2024 10:14:02 EST,09/18/2024 10:14:02 EST
SPY240918P00562000_688,SPY240918P00562000_688,Buy,Filled,2,2,2.85,2.85,DAY,09/18/2024 10:11:57 EST,09/18/2024 10:11:57 EST
SPY240916P00562000_825,SPY240916P00562000_825,Sell,Filled,1,1,1.54,1.54,DAY,09/16/2024 10:29:19 EST,09/16/2024 10:29:19 EST
SPY240916P00562000_550,SPY240916P00562000_550,Sell,Cancelled,0,1,1.1,,DAY,09/16/2024 10:27:14 EST,
SPY240916P00562000_828,SPY240916P00562000_828,Sell,Cancelled,0,1,2.12,,DAY,09/16/2024 10:27:14 EST,
SPY240916P00562000_302,SPY240916P00562000_302,Sell,Filled,1,1,1.44,1.44,DAY,09/16/2024 10:26:59 EST,09/16/2024 10:26:59 EST
SPY240916P00562000_957,SPY240916P00562000_957,Buy,Filled,2,2,1.16,1.16,DAY,09/16/2024 10:23:59 EST,09/16/2024 10:23:59 EST
SPY240911C00542000_848,SPY240911C00542000_848,Sell,Cancelled,0,1,2.31,,DAY,09/11/2024 11:13:20 EST,
SPY240911C00542000_379,SPY240911C00542000_379,Sell,Filled,1,1,1.78,1.78,DAY,09/11/2024 11:13:20 EST,09/11/2024 11:18:15 EST
SPY240911C00542000_533,SPY240911C00542000_533,Buy,Filled,1,1,1.77,1.77,DAY,09/11/2024 11:12:35 EST,09/11/2024 11:12:35 EST
SPY240911C00541000_845,SPY240911C00541000_845,Sell,Cancelled,0,1,3.24,,DAY,09/11/2024 11:08:58 EST,
SPY240911C00541000_667,SPY240911C00541000_667,Sell,Filled,1,1,1.86,1.86,DAY,09/11/2024 11:08:58 EST,09/11/2024 11:10:08 EST
SPY240911C00541000_948,SPY240911C00541000_948,Sell,Filled,1,1,2.23,2.23,DAY,09/11/2024 11:07:32 EST,09/11/2024 11:07:33 EST
SPY240911C00541000_339,SPY240911C00541000_339,Buy,Filled,2,2,1.83,1.83,DAY,09/11/2024 11:05:15 EST,09/11/2024 11:05:15 EST
SPY240909P00545000_449,SPY240909P00545000_449,Sell,Cancelled,0,1,4.44,,DAY,09/09/2024 10:31:26 EST,
SPY240909P00545000_479,SPY240909P00545000_479,Sell,Filled,1,1,1.98,1.98,DAY,09/09/2024 10:31:26 EST,09/09/2024 11:28:35 EST
SPY240909P00545000_816,SPY240909P00545000_816,Buy,Filled,1,1,1.98,1.98,DAY,09/09/2024 10:30:19 EST,09/09/2024 10:30:19 EST
SPY240909P00545000_312,SPY240909P00545000_312,Sell,Filled,1,1,1.6,1.6,DAY,09/09/2024 09:52:28 EST,09/09/2024 09:52:29 EST
SPY240909P00545000_527,SPY240909P00545000_527,Buy,Filled,1,1,2.01,2.01,DAY,09/09/2024 09:45:48 EST,09/09/2024 09:45:48 EST
SPY240904P00552000_602,SPY240904P00552000_602,Sell,Filled,1,1,2.71,2.71,DAY,09/04/2024 10:00:57 EST,09/04/2024 10:00:57 EST
SPY240904P00552000_658,SPY240904P00552000_658,Buy,Filled,1,1,2.5,2.5,DAY,09/04/2024 10:00:21 EST,09/04/2024 10:00:21 EST
SPY240904P00552000_165,SPY240904P00552000_165,Sell,Filled,1,1,1.64,1.64,DAY,09/04/2024 09:56:38 EST,09/04/2024 09:56:39 EST
SPY240904P00552000_287,SPY240904P00552000_287,Buy,Filled,1,1,1.82,1.82,DAY,09/04/2024 09:55:26 EST,09/04/2024 09:55:26 EST
SPY240904C00552000_677,SPY240904C00552000_677,Sell,Cancelled,0,1,2.81,,DAY,09/04/2024 09:49:50 EST,
SPY240904C00552000_927,SPY240904C00552000_927,Sell,Filled,1,1,1.73,1.73,DAY,09/04/2024 09:49:50 EST,09/04/2024 09:50:16 EST
SPY240904C00552000_276,SPY240904C00552000_276,Buy,Filled,1,1,1.72,1.72,DAY,09/04/2024 09:46:24 EST,09/04/2024 09:46:24 EST
SPY240903P00556000_719,SPY240903P00556000_719,Sell,Filled,1,1,1.69,1.69,DAY,09/03/2024 10:52:45 EST,09/03/2024 10:52:45 EST
SPY240903P00556000_285,SPY240903P00556000_285,Sell,Cancelled,0,1,1.5,,DAY,09/03/2024 10:49:28 EST,
SPY240903P00556000_133,SPY240903P00556000_133,Sell,Cancelled,0,1,2.02,,DAY,09/03/2024 10:49:28 EST,
SPY240903P00556000_195,SPY240903P00556000_195,Buy,Filled,1,1,1.49,1.49,DAY,09/03/2024 10:45:51 EST,09/03/2024 10:45:51 EST
SPY240903P00557000_670,SPY240903P00557000_670,Sell,Filled,2,2,1.61,1.61,DAY,09/03/2024 10:15:39 EST,09/03/2024 10:15:39 EST
SPY240903P00557000_208,SPY240903P00557000_208,Buy,Filled,2,2,1.46,1.46,DAY,09/03/2024 10:13:49 EST,09/03/2024 10:13:49 EST
SPY240816P00552000_230,SPY240816P00552000_230,Sell,Cancelled,0,1,1.42,,DAY,08/16/2024 10:34:25 EST,
SPY240816P00552000_311,SPY240816P00552000_311,Sell,Filled,1,1,0.89,0.89,DAY,08/16/2024 10:34:25 EST,08/16/2024 10:43:24 EST
SPY240816P00552000_435,SPY240816P00552000_435,Buy,Filled,1,1,0.95,0.95,DAY,08/16/2024 10:32:21 EST,08/16/2024 10:32:21 EST
SPY240813C00540000_624,SPY240813C00540000_624,Sell,Filled,1,1,1.69,1.69,DAY,08/13/2024 12:53:03 EST,08/13/2024 12:53:03 EST
SPY240813C00540000_297,SPY240813C00540000_297,Sell,Cancelled,0,1,1.86,,DAY,08/13/2024 12:43:49 EST,
SPY240813C00540000_533,SPY240813C00540000_533,Sell,Cancelled,0,1,0.8,,DAY,08/13/2024 12:43:49 EST,
SPY240813C00540000_162,SPY240813C00540000_162,Buy,Filled,1,1,1.12,1.12,DAY,08/13/2024 12:41:53 EST,08/13/2024 12:41:53 EST
SPY240813P00537000_988,SPY240813P00537000_988,Sell,Filled,1,1,1.36,1.36,DAY,08/13/2024 10:26:36 EST,08/13/2024 10:26:36 EST
SPY240813P00537000_302,SPY240813P00537000_302,Buy,Filled,1,1,1.63,1.63,DAY,08/13/2024 10:20:22 EST,08/13/2024 10:20:22 EST
SPY240813C00537000_679,SPY240813C00537000_679,Sell,Filled,1,1,1.98,1.98,DAY,08/13/2024 09:33:36 EST,08/13/2024 09:33:36 EST
SPY240813C00537000_629,SPY240813C00537000_629,Buy,Filled,1,1,1.87,1.87,DAY,08/13/2024 09:32:31 EST,08/13/2024 09:32:31 EST
SPY240809P00530000_661,SPY240809P00530000_661,Sell,Filled,3,3,1.89,1.89,DAY,08/09/2024 10:21:37 EST,08/09/2024 10:21:38 EST
SPY240809P00530000_369,SPY240809P00530000_369,Sell,Cancelled,0,3,3.14,,DAY,08/09/2024 10:20:24 EST,
SPY240809P00530000_366,SPY240809P00530000_366,Sell,Cancelled,0,3,1.52,,DAY,08/09/2024 10:20:24 EST,
SPY240809P00530000_145,SPY240809P00530000_145,Sell,Cancelled,0,3,2.35,,DAY,08/09/2024 10:15:32 EST,
SPY240809P00530000_774,SPY240809P00530000_774,Sell,Cancelled,0,3,1.45,,DAY,08/09/2024 10:15:32 EST,
SPY240809P00530000_985,SPY240809P00530000_985,Buy,Filled,3,3,2.29,2.29,DAY,08/09/2024 10:07:21 EST,08/09/2024 10:07:21 EST
SPY240808C00524000_829,SPY240808C00524000_829,Sell,Filled,1,1,3.43,3.43,DAY,08/08/2024 10:03:50 EST,08/08/2024 10:07:15 EST
SPY240808C00524000_844,SPY240808C00524000_844,Sell,Cancelled,0,1,4.76,,DAY,08/08/2024 10:03:50 EST,
SPY240808C00524000_727,SPY240808C00524000_727,Sell,Filled,1,1,3.91,3.91,DAY,08/08/2024 10:03:31 EST,08/08/2024 10:03:31 EST
SPY240808C00524000_679,SPY240808C00524000_679,Buy,Filled,2,2,3.43,3.43,DAY,08/08/2024 10:00:42 EST,08/08/2024 10:00:43 EST
SPY240808P00522000_982,SPY240808P00522000_982,Buy,Cancelled,0,2,2.64,,DAY,08/08/2024 09:51:19 EST,
SPY240807C00529000_999,SPY240807C00529000_999,Sell,Filled,1,1,3.56,3.56,DAY,08/07/2024 10:02:04 EST,08/07/2024 10:02:04 EST
SPY240807C00529000_444,SPY240807C00529000_444,Sell,Cancelled,0,1,3.32,,DAY,08/07/2024 09:59:57 EST,
SPY240807C00529000_756,SPY240807C00529000_756,Sell,Cancelled,0,1,3.9,,DAY,08/07/2024 09:59:57 EST,
SPY240807C00529000_544,SPY240807C00529000_544,Sell,Filled,1,1,3.26,3.26,DAY,08/07/2024 09:59:39 EST,08/07/2024 09:59:39 EST
SPY240807C00529000_857,SPY240807C00529000_857,Buy,Filled,2,2,2.75,2.75,DAY,08/07/2024 09:43:58 EST,08/07/2024 09:43:58 EST
SPY240806P00521000_612,SPY240806P00521000_612,Sell,Filled,1,1,1.39,1.39,DAY,08/06/2024 10:21:38 EST,08/06/2024 10:21:38 EST
SPY240806P00521000_640,SPY240806P00521000_640,Buy,Filled,1,1,1.96,1.96,DAY,08/06/2024 10:15:40 EST,08/06/2024 10:15:40 EST
SPY240806P00519000_876,SPY240806P00519000_876,Sell,Cancelled,0,1,4.86,,DAY,08/06/2024 09:44:44 EST,
SPY240806P00519000_506,SPY240806P00519000_506,Sell,Filled,1,1,2.99,2.99,DAY,08/06/2024 09:44:44 EST,08/06/2024 09:47:31 EST
SPY240806P00519000_659,SPY240806P00519000_659,Buy,Filled,1,1,3.36,3.36,DAY,08/06/2024 09:41:29 EST,08/06/2024 09:41:29 EST
SPY240805P00513000_268,SPY240805P00513000_268,Sell,Filled,1,1,2.27,2.27,DAY,08/05/2024 10:30:37 EST,08/05/2024 10:32:08 EST
SPY240805P00513000_461,SPY240805P00513000_461,Sell,Cancelled,0,1,3.46,,DAY,08/05/2024 10:30:37 EST,
SPY240805P00513000_248,SPY240805P00513000_248,Buy,Filled,1,1,2.57,2.57,DAY,08/05/2024 10:28:41 EST,08/05/2024 10:28:42 EST
SPY240805P00516000_785,SPY240805P00516000_785,Sell,Filled,1,1,3.24,3.24,DAY,08/05/2024 10:24:00 EST,08/05/2024 10:25:03 EST
SPY240805P00516000_803,SPY240805P00516000_803,Sell,Cancelled,0,1,5.02,,DAY,08/05/2024 10:24:00 EST,
SPY240805P00516000_728,SPY240805P00516000_728,Buy,Filled,1,1,3.3,3.3,DAY,08/05/2024 10:23:04 EST,08/05/2024 10:23:05 EST
SPY240802P00523000_983,SPY240802P00523000_983,Sell,Filled,1,1,0.66,0.66,DAY,08/02/2024 10:16:38 EST,08/02/2024 10:16:38 EST
SPY240802P00523000_912,SPY240802P00523000_912,Buy,Filled,1,1,0.77,0.77,DAY,08/02/2024 10:16:03 EST,08/02/2024 10:16:03 EST
SPY240802P00533000_831,SPY240802P00533000_831,Sell,Filled,1,1,3.41,3.41,DAY,08/02/2024 10:09:58 EST,08/02/2024 10:09:58 EST
SPY240802P00533000_262,SPY240802P00533000_262,Sell,Cancelled,0,1,2.87,,DAY,08/02/2024 10:06:22 EST,
SPY240802P00533000_684,SPY240802P00533000_684,Sell,Cancelled,0,1,5.39,,DAY,08/02/2024 10:06:22 EST,
SPY240802P00533000_158,SPY240802P00533000_158,Sell,Filled,1,1,2.96,2.96,DAY,08/02/2024 10:05:59 EST,08/02/2024 10:05:59 EST
SPY240802P00533000_441,SPY240802P00533000_441,Buy,Filled,2,2,2.54,2.54,DAY,08/02/2024 10:05:14 EST,08/02/2024 10:05:14 EST
SPY240801P00553000_654,SPY240801P00553000_654,Sell,Filled,1,1,2.29,2.29,DAY,08/01/2024 10:07:18 EST,08/01/2024 10:07:18 EST
SPY240801P00553000_920,SPY240801P00553000_920,Buy,Filled,1,1,1.93,1.93,DAY,08/01/2024 10:05:54 EST,08/01/2024 10:05:54 EST
SPY240801C00553000_354,SPY240801C00553000_354,Sell,Filled,1,1,2.81,2.81,DAY,08/01/2024 09:44:24 EST,08/01/2024 09:44:24 EST
SPY240801C00553000_978,SPY240801C00553000_978,Buy,Filled,1,1,2.65,2.65,DAY,08/01/2024 09:43:22 EST,08/01/2024 09:43:22 EST
SPY240731C00551000_691,SPY240731C00551000_691,Sell,Filled,1,1,1.76,1.76,DAY,07/31/2024 10:19:33 EST,07/31/2024 10:52:23 EST
SPY240731C00551000_224,SPY240731C00551000_224,Sell,Cancelled,0,1,2.49,,DAY,07/31/2024 10:19:33 EST,
SPY240731C00551000_768,SPY240731C00551000_768,Buy,Filled,1,1,1.68,1.68,DAY,07/31/2024 10:12:58 EST,07/31/2024 10:12:58 EST
SPY240730C00541000_462,SPY240730C00541000_462,Sell,Filled,1,1,2.23,2.23,DAY,07/30/2024 11:17:43 EST,07/30/2024 11:29:57 EST
SPY240730C00541000_581,SPY240730C00541000_581,Sell,Cancelled,0,1,3.55,,DAY,07/30/2024 11:17:43 EST,
SPY240730C00541000_705,SPY240730C00541000_705,Buy,Filled,1,1,2.19,2.19,DAY,07/30/2024 11:10:49 EST,07/30/2024 11:10:49 EST
SPY240730P00546000_981,SPY240730P00546000_981,Sell,Filled,1,1,1.91,1.91,DAY,07/30/2024 10:01:49 EST,07/30/2024 10:01:49 EST
SPY240730P00546000_101,SPY240730P00546000_101,Buy,Filled,1,1,1.58,1.58,DAY,07/30/2024 09:50:18 EST,07/30/2024 09:50:18 EST
SPY240725P00538000_263,SPY240725P00538000_263,Sell,Filled,1,1,1.58,1.58,DAY,07/25/2024 10:15:23 EST,07/25/2024 10:15:23 EST
SPY240725P00538000_182,SPY240725P00538000_182,Buy,Filled,1,1,2.06,2.06,DAY,07/25/2024 10:13:41 EST,07/25/2024 10:13:41 EST
SPY240725P00539000_185,SPY240725P00539000_185,Sell,Filled,1,1,2.4,2.4,DAY,07/25/2024 10:12:09 EST,07/25/2024 10:12:09 EST
SPY240725P00539000_564,SPY240725P00539000_564,Buy,Filled,1,1,2.16,2.16,DAY,07/25/2024 10:08:47 EST,07/25/2024 10:08:47 EST
SPY240724C00544000_520,SPY240724C00544000_520,Sell,Filled,1,1,0.78,0.78,DAY,07/24/2024 13:58:20 EST,07/24/2024 13:58:20 EST
SPY240724C00544000_269,SPY240724C00544000_269,Buy,Filled,1,1,0.92,0.92,DAY,07/24/2024 13:53:03 EST,07/24/2024 13:53:03 EST
SPY240723C00558000_164,SPY240723C00558000_164,Sell,Filled,1,1,0.49,0.49,DAY,07/23/2024 10:11:47 EST,07/23/2024 10:11:47 EST
SPY240723C00558000_366,SPY240723C00558000_366,Buy,Filled,1,1,0.56,0.56,DAY,07/23/2024 10:06:40 EST,07/23/2024 10:06:40 EST
SPY240718C00559000_929,SPY240718C00559000_929,Sell,Filled,2,2,1.24,1.24,DAY,07/18/2024 10:07:09 EST,07/18/2024 10:07:09 EST
SPY240718C00559000_262,SPY240718C00559000_262,Buy,Filled,2,2,1.36,1.36,DAY,07/18/2024 10:05:57 EST,07/18/2024 10:05:57 EST
SPY240718P00558000_693,SPY240718P00558000_693,Sell,Filled,1,1,0.75,0.75,DAY,07/18/2024 10:05:43 EST,07/18/2024 10:05:43 EST
SPY240718P00558000_611,SPY240718P00558000_611,Buy,Filled,1,1,1.21,1.21,DAY,07/18/2024 09:56:47 EST,07/18/2024 09:56:47 EST
SPY240712P00562000_619,SPY240712P00562000_619,Sell,Filled,1,1,1.43,1.43,DAY,07/12/2024 12:01:34 EST,07/12/2024 12:01:34 EST
SPY240712P00562000_650,SPY240712P00562000_650,Buy,Filled,1,1,1.69,1.69,DAY,07/12/2024 12:00:43 EST,07/12/2024 12:00:43 EST
TSLA240712P00250000_601,TSLA240712P00250000_601,Sell,Filled,1,1,3.25,3.25,DAY,07/12/2024 11:28:26 EST,07/12/2024 11:28:26 EST
TSLA240712P00250000_221,TSLA240712P00250000_221,Buy,Filled,1,1,4.0,4.0,DAY,07/12/2024 11:24:12 EST,07/12/2024 11:24:12 EST
SPY240712C00560000_607,SPY240712C00560000_607,Sell,Filled,1,1,1.43,1.43,DAY,07/12/2024 10:44:00 EST,07/12/2024 10:44:00 EST
SPY240712C00560000_725,SPY240712C00560000_725,Buy,Filled,1,1,1.26,1.26,DAY,07/12/2024 10:38:13 EST,07/12/2024 10:38:13 EST
SPY240712C00559000_600,SPY240712C00559000_600,Sell,Filled,1,1,1.28,1.28,DAY,07/12/2024 10:13:26 EST,07/12/2024 10:13:26 EST
SPY240712C00559000_108,SPY240712C00559000_108,Buy,Filled,1,1,1.11,1.11,DAY,07/12/2024 10:06:36 EST,07/12/2024 10:06:36 EST
SPY240711P00558000_191,SPY240711P00558000_191,Sell,Filled,1,1,1.32,1.32,DAY,07/11/2024 11:24:09 EST,07/11/2024 11:24:10 EST
SPY240711P00558000_843,SPY240711P00558000_843,Buy,Filled,1,1,1.17,1.17,DAY,07/11/2024 11:23:31 EST,07/11/2024 11:23:31 EST
SPY240711P00560000_315,SPY240711P00560000_315,Sell,Filled,1,1,1.84,1.84,DAY,07/11/2024 11:00:08 EST,07/11/2024 11:00:08 EST
SPY240711P00560000_412,SPY240711P00560000_412,Sell,Cancelled,0,1,2.21,,DAY,07/11/2024 10:59:01 EST,
SPY240711P00560000_420,SPY240711P00560000_420,Sell,Cancelled,0,1,1.56,,DAY,07/11/2024 10:59:01 EST,
SPY240711P00560000_937,SPY240711P00560000_937,Buy,Filled,1,1,1.56,1.56,DAY,07/11/2024 10:45:00 EST,07/11/2024 10:45:00 EST
SPY240711C00559000_795,SPY240711C00559000_795,Sell,Filled,1,1,1.53,1.53,DAY,07/11/2024 10:34:56 EST,07/11/2024 10:34:56 EST
SPY240711C00559000_709,SPY240711C00559000_709,Buy,Filled,1,1,1.75,1.75,DAY,07/11/2024 10:26:15 EST,07/11/2024 10:26:15 EST
SPY240711P00561000_296,SPY240711P00561000_296,Sell,Filled,1,1,2.13,2.13,DAY,07/11/2024 10:23:02 EST,07/11/2024 10:23:02 EST
SPY240711P00561000_863,SPY240711P00561000_863,Buy,Filled,1,1,2.04,2.04,DAY,07/11/2024 10:20:26 EST,07/11/2024 10:20:27 EST
SPY240711P00561000_962,SPY240711P00561000_962,Sell,Cancelled,0,1,1.63,,DAY,07/11/2024 10:20:26 EST,
SPY240710C00559000_391,SPY240710C00559000_391,Sell,Filled,1,1,0.9,0.9,DAY,07/10/2024 13:49:55 EST,07/10/2024 13:49:55 EST
SPY240710C00559000_319,SPY240710C00559000_319,Sell,Cancelled,0,1,0.74,,DAY,07/10/2024 13:43:06 EST,
SPY240710C00559000_517,SPY240710C00559000_517,Buy,Filled,1,1,0.92,0.92,DAY,07/10/2024 13:43:06 EST,07/10/2024 13:43:06 EST
SPY240710C00558000_557,SPY240710C00558000_557,Sell,Filled,1,1,1.85,1.85,DAY,07/10/2024 12:57:39 EST,07/10/2024 13:04:58 EST
SPY240710C00558000_483,SPY240710C00558000_483,Buy,Filled,1,1,1.54,1.54,DAY,07/10/2024 12:57:39 EST,07/10/2024 12:57:39 EST
SPY240710C00558000_544,SPY240710C00558000_544,Sell,Cancelled,0,1,1.3,,DAY,07/10/2024 12:57:39 EST,
SPY240710C00557000_119,SPY240710C00557000_119,Sell,Filled,1,1,1.01,1.01,DAY,07/10/2024 11:29:48 EST,07/10/2024 11:29:48 EST
SPY240710C00557000_326,SPY240710C00557000_326,Buy,Filled,1,1,0.85,0.85,DAY,07/10/2024 11:22:50 EST,07/10/2024 11:22:50 EST
SPY240710C00557000_852,SPY240710C00557000_852,Sell,Cancelled,0,1,0.69,,DAY,07/10/2024 11:22:50 EST,
SPY240709C00556000_497,SPY240709C00556000_497,Sell,Filled,1,1,0.97,0.97,DAY,07/09/2024 12:10:45 EST,07/09/2024 12:10:45 EST
SPY240709C00556000_498,SPY240709C00556000_498,Buy,Filled,1,1,0.75,0.75,DAY,07/09/2024 11:46:10 EST,07/09/2024 11:46:10 EST
SPY240709C00556000_755,SPY240709C00556000_755,Sell,Cancelled,0,1,0.8,,DAY,07/09/2024 11:46:10 EST,
SPY240709P00556000_480,SPY240709P00556000_480,Sell,Filled,1,1,0.65,0.65,DAY,07/09/2024 10:29:35 EST,07/09/2024 10:35:25 EST
SPY240709P00556000_227,SPY240709P00556000_227,Buy,Filled,1,1,0.82,0.82,DAY,07/09/2024 10:29:35 EST,07/09/2024 10:29:35 EST
SPY240702C00548000_160,SPY240702C00548000_160,Sell,Filled,1,1,0.27,0.27,DAY,07/02/2024 14:07:58 EST,07/02/2024 14:07:58 EST
SPY240702C00548000_926,SPY240702C00548000_926,Buy,Filled,1,1,0.27,0.27,DAY,07/02/2024 13:56:46 EST,07/02/2024 13:56:46 EST
SPY240701P00545000_440,SPY240701P00545000_440,Sell,Filled,2,2,0.89,0.89,DAY,07/01/2024 13:24:00 EST,07/01/2024 13:24:00 EST
SPY240701P00545000_811,SPY240701P00545000_811,Buy,Filled,1,1,0.73,0.73,DAY,07/01/2024 13:07:14 EST,07/01/2024 13:07:14 EST
SPY240701P00545000_601,SPY240701P00545000_601,Sell,Cancelled,0,1,0.9,,DAY,07/01/2024 13:07:14 EST,
SPY240701P00545000_330,SPY240701P00545000_330,Buy,Filled,1,1,0.92,0.92,DAY,07/01/2024 13:05:25 EST,07/01/2024 13:05:25 EST
SPY240701P00545000_951,SPY240701P00545000_951,Sell,Cancelled,0,1,0.73,,DAY,07/01/2024 13:05:25 EST,
SPY240701P00545000_891,SPY240701P00545000_891,Sell,Filled,1,1,1.31,1.31,DAY,07/01/2024 12:02:43 EST,07/01/2024 12:02:43 EST
SPY240701P00545000_890,SPY240701P00545000_890,Buy,Filled,1,1,1.25,1.25,DAY,07/01/2024 11:59:10 EST,07/01/2024 11:59:11 EST
SPY240701P00545000_483,SPY240701P00545000_483,Sell,Cancelled,0,1,1.03,,DAY,07/01/2024 11:59:10 EST,
SPY240628P00547000_562,SPY240628P00547000_562,Sell,Filled,1,1,1.0,1.0,DAY,06/28/2024 14:16:44 EST,06/28/2024 14:16:44 EST
SPY240628P00547000_544,SPY240628P00547000_544,Sell,Cancelled,0,1,0.78,,DAY,06/28/2024 14:15:31 EST,
SPY240628P00547000_104,SPY240628P00547000_104,Sell,Cancelled,0,1,1.16,,DAY,06/28/2024 14:15:31 EST,
SPY240628P00547000_607,SPY240628P00547000_607,Buy,Filled,1,1,0.96,0.96,DAY,06/28/2024 14:15:31 EST,06/28/2024 14:15:31 EST
SPY240628C00547000_173,SPY240628C00547000_173,Sell,Filled,1,1,0.49,0.49,DAY,06/28/2024 13:33:43 EST,06/28/2024 13:33:44 EST
SPY240628C00546000_331,SPY240628C00546000_331,Sell,Filled,1,1,0.95,0.95,DAY,06/28/2024 13:33:31 EST,06/28/2024 13:33:32 EST
SPY240628C00546000_129,SPY240628C00546000_129,Buy,Filled,1,1,1.09,1.09,DAY,06/28/2024 13:32:34 EST,06/28/2024 13:32:35 EST
SPY240628C00547000_381,SPY240628C00547000_381,Buy,Filled,1,1,0.64,0.64,DAY,06/28/2024 12:45:24 EST,06/28/2024 12:45:24 EST
SPY240627C00546000_477,SPY240627C00546000_477,Sell,Filled,1,1,0.65,0.65,DAY,06/27/2024 13:10:44 EST,06/27/2024 13:10:45 EST
SPY240627C00546000_747,SPY240627C00546000_747,Sell,Filled,2,2,0.67,0.67,DAY,06/27/2024 13:01:44 EST,06/27/2024 13:01:44 EST
SPY240627C00546000_683,SPY240627C00546000_683,Buy,Filled,1,1,0.58,0.58,DAY,06/27/2024 13:00:03 EST,06/27/2024 13:00:03 EST
SPY240627C00546000_704,SPY240627C00546000_704,Buy,Filled,1,1,0.7,0.7,DAY,06/27/2024 12:31:00 EST,06/27/2024 12:31:00 EST
SPY240627C00546000_247,SPY240627C00546000_247,Buy,Filled,1,1,0.6,0.6,DAY,06/27/2024 12:20:40 EST,06/27/2024 12:20:40 EST
SPY240627C00545000_275,SPY240627C00545000_275,Sell,Filled,1,1,1.13,1.13,DAY,06/27/2024 12:14:49 EST,06/27/2024 12:14:50 EST
SPY240627C00545000_186,SPY240627C00545000_186,Buy,Filled,1,1,0.95,0.95,DAY,06/27/2024 11:58:57 EST,06/27/2024 11:58:57 EST
SPY240626P00544000_508,SPY240626P00544000_508,Sell,Filled,2,2,0.47,0.47,DAY,06/26/2024 13:30:54 EST,06/26/2024 13:30:55 EST
SPY240626P00544000_326,SPY240626P00544000_326,Buy,Filled,2,2,0.52,0.52,DAY,06/26/2024 13:23:11 EST,06/26/2024 13:23:11 EST
SPY240626P00544000_373,SPY240626P00544000_373,Sell,Cancelled,0,2,0.42,,DAY,06/26/2024 13:23:11 EST,
SPY240626P00544000_812,SPY240626P00544000_812,Sell,Filled,2,2,0.49,0.49,DAY,06/26/2024 13:20:26 EST,06/26/2024 13:21:58 EST
SPY240626P00544000_573,SPY240626P00544000_573,Buy,Filled,2,2,0.62,0.62,DAY,06/26/2024 13:20:26 EST,06/26/2024 13:20:26 EST
SPY240626P00544000_945,SPY240626P00544000_945,Sell,Cancelled,0,2,0.74,,DAY,06/26/2024 13:20:26 EST,
SPY240626C00543000_296,SPY240626C00543000_296,Sell,Filled,1,1,1.66,1.66,DAY,06/26/2024 13:13:37 EST,06/26/2024 13:19:27 EST
SPY240626C00543000_831,SPY240626C00543000_831,Sell,Cancelled,0,1,2.46,,DAY,06/26/2024 13:13:37 EST,
SPY240626C00543000_830,SPY240626C00543000_830,Buy,Filled,1,1,2.05,2.05,DAY,06/26/2024 13:13:37 EST,06/26/2024 13:13:37 EST
SPY240626C00544000_871,SPY240626C00544000_871,Sell,Filled,1,1,1.1,1.1,DAY,06/26/2024 12:41:05 EST,06/26/2024 12:44:34 EST
SPY240626C00544000_465,SPY240626C00544000_465,Sell,Cancelled,0,1,1.84,,DAY,06/26/2024 12:41:05 EST,
SPY240626C00544000_578,SPY240626C00544000_578,Buy,Filled,1,1,1.39,1.39,DAY,06/26/2024 12:41:05 EST,06/26/2024 12:41:05 EST
SPY240626C00545000_465,SPY240626C00545000_465,Sell,Filled,1,1,0.67,0.67,DAY,06/26/2024 12:27:38 EST,06/26/2024 12:38:33 EST
SPY240626C00545000_918,SPY240626C00545000_918,Buy,Filled,1,1,0.85,0.85,DAY,06/26/2024 12:27:38 EST,06/26/2024 12:27:38 EST
SPY240625C00543000_897,SPY240625C00543000_897,Sell,Filled,1,1,1.09,1.09,DAY,06/25/2024 13:45:04 EST,06/25/2024 13:45:04 EST
SPY240625C00543000_766,SPY240625C00543000_766,Sell,Cancelled,0,1,0.91,,DAY,06/25/2024 13:10:30 EST,
SPY240625C00543000_187,SPY240625C00543000_187,Buy,Filled,1,1,0.72,0.72,DAY,06/25/2024 13:10:30 EST,06/25/2024 13:10:30 EST
SPY240624P00542000_854,SPY240624P00542000_854,Sell,Filled,1,1,0.31,0.31,DAY,06/24/2024 09:46:15 EST,06/24/2024 09:46:15 EST
SPY240624P00542000_349,SPY240624P00542000_349,Sell,Cancelled,0,1,0.32,,DAY,06/24/2024 09:45:08 EST,
SPY240624P00542000_757,SPY240624P00542000_757,Buy,Filled,1,1,0.4,0.4,DAY,06/24/2024 09:45:08 EST,06/24/2024 09:45:08 EST
SPY240620C00548000_975,SPY240620C00548000_975,Sell,Cancelled,0,1,0.34,,DAY,06/20/2024 14:02:00 EST,
SPY240620C00548000_268,SPY240620C00548000_268,Sell,Filled,1,1,0.52,0.52,DAY,06/20/2024 14:02:00 EST,06/20/2024 14:03:02 EST
SPY240620C00548000_502,SPY240620C00548000_502,Buy,Filled,1,1,0.43,0.43,DAY,06/20/2024 14:02:00 EST,06/20/2024 14:02:05 EST
SPY240620C00546000_381,SPY240620C00546000_381,Sell,Filled,5,5,1.23,1.23,DAY,06/20/2024 12:35:29 EST,06/20/2024 12:36:46 EST
SPY240620C00546000_704,SPY240620C00546000_704,Buy,Filled,5,5,1.42,1.42,DAY,06/20/2024 12:35:29 EST,06/20/2024 12:35:30 EST
SPY240620C00546000_980,SPY240620C00546000_980,Sell,Cancelled,0,5,1.69,,DAY,06/20/2024 12:35:29 EST,
SPY240618P00547000_139,SPY240618P00547000_139,Sell,Filled,13,13,0.21,0.21,DAY,06/18/2024 13:38:14 EST,06/18/2024 13:38:14 EST
SPY240618P00547000_140,SPY240618P00547000_140,Sell,Cancelled,0,10,0.4,,DAY,06/18/2024 12:13:40 EST,
SPY240618P00547000_575,SPY240618P00547000_575,Buy,Filled,10,10,0.5,0.5,DAY,06/18/2024 12:13:40 EST,06/18/2024 12:13:40 EST
SPY240618P00547000_261,SPY240618P00547000_261,Sell,Cancelled,0,10,0.6,,DAY,06/18/2024 12:13:40 EST,
SPY240618P00547000_235,SPY240618P00547000_235,Buy,Filled,1,1,0.82,0.82,DAY,06/18/2024 11:21:52 EST,06/18/2024 11:21:52 EST
SPY240618C00547000_150,SPY240618C00547000_150,Sell,Filled,1,1,0.94,0.94,DAY,06/18/2024 11:04:46 EST,06/18/2024 11:04:46 EST
SPY240618C00547000_158,SPY240618C00547000_158,Buy,Filled,1,1,1.09,1.09,DAY,06/18/2024 11:02:20 EST,06/18/2024 11:02:21 EST
SPY240618P00547000_250,SPY240618P00547000_250,Buy,Filled,2,2,0.81,0.81,DAY,06/18/2024 10:20:39 EST,06/18/2024 10:20:39 EST
SPY240618C00548000_290,SPY240618C00548000_290,Sell,Filled,1,1,0.79,0.79,DAY,06/18/2024 10:00:11 EST,06/18/2024 10:00:11 EST
SPY240618C00548000_819,SPY240618C00548000_819,Sell,Cancelled,0,1,1.21,,DAY,06/18/2024 09:40:25 EST,
SPY240618C00548000_189,SPY240618C00548000_189,Buy,Filled,1,1,1.02,1.02,DAY,06/18/2024 09:40:25 EST,06/18/2024 09:40:25 EST
SPY240618C00548000_307,SPY240618C00548000_307,Sell,Cancelled,0,1,0.81,,DAY,06/18/2024 09:40:25 EST,
SPY240617C00546000_660,SPY240617C00546000_660,Sell,Filled,5,5,2.01,2.01,DAY,06/17/2024 14:03:02 EST,06/17/2024 14:03:02 EST
SPY240617C00546000_238,SPY240617C00546000_238,Buy,Filled,5,5,1.71,1.71,DAY,06/17/2024 14:00:26 EST,06/17/2024 14:00:26 EST
SPY240617C00547000_333,SPY240617C00547000_333,Sell,Filled,1,1,0.69,0.69,DAY,06/17/2024 13:36:35 EST,06/17/2024 13:36:35 EST
SPY240617C00547000_934,SPY240617C00547000_934,Buy,Filled,1,1,0.45,0.45,DAY,06/17/2024 13:32:26 EST,06/17/2024 13:32:26 EST
SPY240617C00546000_216,SPY240617C00546000_216,Sell,Filled,2,2,0.61,0.61,DAY,06/17/2024 12:48:11 EST,06/17/2024 12:48:12 EST
SPY240617C00546000_110,SPY240617C00546000_110,Buy,Filled,2,2,0.62,0.62,DAY,06/17/2024 12:47:44 EST,06/17/2024 12:47:45 EST
SPY240531P00523000_183,SPY240531P00523000_183,Sell,Filled,1,1,1.11,1.11,DAY,05/30/2024 14:16:53 EST,05/30/2024 14:16:53 EST
SPY240531P00523000_608,SPY240531P00523000_608,Sell,Cancelled,0,1,1.26,,DAY,05/30/2024 14:16:29 EST,
SPY240531P00523000_249,SPY240531P00523000_249,Buy,Filled,1,1,0.91,0.91,DAY,05/30/2024 13:51:58 EST,05/30/2024 13:51:59 EST
SPY240524P00527000_299,SPY240524P00527000_299,Sell,Filled,10,10,0.12,0.12,DAY,05/24/2024 12:14:59 EST,05/24/2024 12:14:59 EST
SPY240524P00529000_376,SPY240524P00529000_376,Sell,Filled,4,4,0.39,0.39,DAY,05/24/2024 12:12:38 EST,05/24/2024 12:12:38 EST
SPY240524P00529000_829,SPY240524P00529000_829,Buy,Filled,4,4,0.76,0.76,DAY,05/24/2024 11:52:50 EST,05/24/2024 11:52:50 EST
SPY240524P00527000_708,SPY240524P00527000_708,Buy,Filled,10,10,0.23,0.23,DAY,05/24/2024 11:40:17 EST,05/24/2024 11:40:17 EST
SPY240524P00527000_844,SPY240524P00527000_844,Buy,Cancelled,0,10,0.23,,DAY,05/24/2024 11:39:34 EST,
SPY240524C00531000_598,SPY240524C00531000_598,Sell,Filled,2,2,0.19,0.19,DAY,05/24/2024 11:39:20 EST,05/24/2024 11:39:20 EST
SPY240524C00531000_456,SPY240524C00531000_456,Buy,Filled,1,1,0.29,0.29,DAY,05/24/2024 11:30:54 EST,05/24/2024 11:30:54 EST
SPY240524C00531000_655,SPY240524C00531000_655,Buy,Filled,1,1,0.38,0.38,DAY,05/24/2024 11:12:11 EST,05/24/2024 11:12:11 EST
SPY240524C00529000_802,SPY240524C00529000_802,Sell,Filled,2,2,0.4,0.4,DAY,05/24/2024 10:44:45 EST,05/24/2024 10:44:45 EST
SPY240524C00529000_388,SPY240524C00529000_388,Buy,Filled,2,2,0.6,0.6,DAY,05/24/2024 10:25:44 EST,05/24/2024 10:25:44 EST
SPY240523P00528000_487,SPY240523P00528000_487,Sell,Filled,1,1,0.44,0.44,DAY,05/23/2024 11:02:26 EST,05/23/2024 11:02:27 EST
SPY240523P00528000_239,SPY240523P00528000_239,Buy,Filled,1,1,0.65,0.65,DAY,05/23/2024 11:00:16 EST,05/23/2024 11:00:16 EST
SPY240523P00528000_805,SPY240523P00528000_805,Sell,Filled,1,1,0.64,0.64,DAY,05/23/2024 10:00:08 EST,05/23/2024 10:00:10 EST
SPY240523P00528000_330,SPY240523P00528000_330,Sell,Cancelled,0,1,0.74,,DAY,05/23/2024 09:59:31 EST,
SPY240523P00528000_166,SPY240523P00528000_166,Buy,Filled,1,1,0.75,0.75,DAY,05/23/2024 09:59:19 EST,05/23/2024 09:59:19 EST
SPY240523P00530000_201,SPY240523P00530000_201,Sell,Filled,1,1,1.33,1.33,DAY,05/23/2024 09:52:06 EST,05/23/2024 09:52:06 EST
SPY240523P00530000_188,SPY240523P00530000_188,Buy,Filled,1,1,0.83,0.83,DAY,05/23/2024 09:48:05 EST,05/23/2024 09:48:05 EST
SPY240523P00530000_847,SPY240523P00530000_847,Sell,Cancelled,0,1,0.67,,DAY,05/23/2024 09:48:05 EST,
SPY240520C00533000_611,SPY240520C00533000_611,Sell,Filled,1,1,0.1,0.1,DAY,05/20/2024 11:36:27 EST,05/20/2024 11:36:27 EST
SPY240520C00533000_445,SPY240520C00533000_445,Buy,Filled,1,1,0.12,0.12,DAY,05/20/2024 11:34:37 EST,05/20/2024 11:34:37 EST
SPY240520C00532000_535,SPY240520C00532000_535,Buy,Cancelled,0,1,0.38,,DAY,05/20/2024 11:32:40 EST,
SPY240513P00519000_749,SPY240513P00519000_749,Sell,Filled,1,1,0.06,0.06,DAY,05/13/2024 14:25:13 EST,05/13/2024 14:25:13 EST
SPY240513P00519000_900,SPY240513P00519000_900,Buy,Filled,1,1,0.18,0.18,DAY,05/13/2024 10:59:15 EST,05/13/2024 10:59:15 EST
SPY240513P00519000_662,SPY240513P00519000_662,Sell,Cancelled,0,2,0.15,,DAY,05/13/2024 10:11:53 EST,
SPY240513P00519000_164,SPY240513P00519000_164,Buy,Cancelled,0,2,0.17,,DAY,05/13/2024 10:11:53 EST,
